Date,Close,Low,High
2010-06-29,100,99.19,100.62
2010-06-30,100.49,100.17,100.95
2010-07-01,99.22,97.82,101.02
2010-07-02,98.98,98.15,100.16
2010-07-06,101.44,100.54,101.56
2010-07-07,99.72,98.7,100.19
2010-07-08,98.64,97.4,98.93
2010-07-09,96.82,96.53,97.12
2010-07-12,97.61,96.41,98.17
2010-07-13,96.15,95.02,96.37
2010-07-14,95.18,94.3,96.08
2010-07-15,98.45,98.29,98.68
2010-07-16,98.54,98.37,98.7
2010-07-19,98.11,97.67,98.2
2010-07-20,97.85,97.04,98.93
2010-07-21,97.15,95.88,97.91
2010-07-22,96.87,95.85,97.92
2010-07-23,99.21,97.81,100.44
2010-07-26,97.59,96.63,98
2010-07-27,98.81,97.4,99.86
2010-07-28,99.27,98.06,99.65
2010-07-29,99.95,99.37,100.62
2010-07-30,100.07,98.65,101.15
2010-08-02,98.22,97.58,98.81
2010-08-03,98.04,97.35,98.94
2010-08-04,96.95,96.45,97.14
2010-08-05,96.71,95.48,98.25
2010-08-06,94.33,94.31,94.34
2010-08-09,93.85,93.58,94.2
2010-08-10,95.01,93.63,95.24
2010-08-11,91.64,91.15,92.02
2010-08-12,92.72,92.59,92.84
2010-08-13,89.57,88.36,90.95
2010-08-16,88.96,87.72,89.91
2010-08-17,87.87,87.45,88.14
2010-08-18,86.6,85.91,86.98
2010-08-19,87.94,86.72,88.34
2010-08-20,85.6,85.23,85.61
2010-08-23,85,84.36,85.37
2010-08-24,87.49,86.38,89.05
2010-08-25,88.66,88.07,89.11
2010-08-26,86.19,85.25,87.53
2010-08-27,86.6,85.6,87.65
2010-08-30,87.91,86.65,88.93
2010-08-31,87.11,86.28,88.23
2010-09-01,83.78,83.52,83.92
2010-09-02,80.56,79.66,80.69
2010-09-03,81.33,80.54,82.31
2010-09-07,81.8,80.95,82.71
2010-09-08,79.89,79.5,80.06
2010-09-09,76.48,75.68,77.62
2010-09-10,74.91,74.46,74.97
2010-09-13,80.41,79.73,80.87
2010-09-14,83.79,83.5,83.96
2010-09-15,84.9,84.26,85.8
2010-09-16,82.47,81.91,83.29
2010-09-17,82.35,81.25,83.34
2010-09-20,84.84,84.1,85.89
2010-09-21,86.62,86.31,86.68
2010-09-22,85.52,85.45,85.52
2010-09-23,85.2,84.85,85.41
2010-09-24,85.01,83.88,85.72
2010-09-27,83.37,82.95,83.45
2010-09-28,83.08,82.3,83.99
2010-09-29,80.88,79.98,81.35
2010-09-30,82.21,81.74,82.23
2010-10-01,84.78,83.66,85.41
2010-10-04,84.37,83.62,84.52
2010-10-05,83.4,83.18,83.4
2010-10-06,81.52,81.46,81.6
2010-10-07,81.35,80.8,81.58
2010-10-08,81.97,81.12,82.48
2010-10-11,80.9,80.85,80.94
2010-10-12,81.37,81.04,81.66
2010-10-13,81.41,80.44,81.6
2010-10-14,80.41,80.05,80.41
2010-10-15,78.72,78.45,78.94
2010-10-18,76.78,75.83,77.48
2010-10-19,75.23,74.58,75.57
2010-10-20,76.9,76.38,77
2010-10-21,84.54,84.36,84.76
2010-10-22,89.93,88.7,90.5
2010-10-25,90.78,89.53,92.23
2010-10-26,89.39,88.58,90.44
2010-10-27,94.24,92.91,94.86
2010-10-28,94.45,94.16,94.59
2010-10-29,95.78,94.91,96.87
2010-11-01,99.05,97.71,99.35
2010-11-02,99.21,98.98,99.22
2010-11-03,96.36,96.3,96.43
2010-11-04,96.33,95.31,97.35
2010-11-05,99.36,99.1,99.71
2010-11-08,97.38,96.48,97.68
2010-11-09,98.23,98.05,98.3
2010-11-10,102,100.97,102.53
2010-11-11,101.91,100.61,102.98
2010-11-12,99.04,98.38,99.73
2010-11-15,98,97.88,98.18
2010-11-16,99.17,98.19,99.91
2010-11-17,99.45,98.86,100.08
2010-11-18,102.01,101,102.69
2010-11-19,104.4,103.11,105.17
2010-11-22,104.27,102.92,105.89
2010-11-23,105.22,103.87,105.23
2010-11-24,107.08,105.71,108.22
2010-11-26,106.41,105.45,107.83
2010-11-29,106.56,105.09,107.75
2010-11-30,108.51,107.39,109.89
2010-12-01,105.75,105.38,106.29
2010-12-02,105.36,104.52,106.11
2010-12-03,105.5,104.18,106.92
2010-12-06,106.09,105.98,106.16
2010-12-07,107.76,106.44,108.75
2010-12-08,106.83,105.34,107.62
2010-12-09,107.33,105.78,109.24
2010-12-10,107.48,107.11,107.77
2010-12-13,105.38,104.32,106.38
2010-12-14,105.7,105.57,105.82
2010-12-15,108.19,107.45,108.41
2010-12-16,110.76,109.14,112.7
2010-12-17,110.82,110.35,111.05
2010-12-20,110.25,109.66,110.6
2010-12-21,114.63,114.43,114.76
2010-12-22,114.88,113.17,117.4
2010-12-23,114.66,114.66,114.66
2010-12-27,115.09,113.77,116.41
2010-12-28,114.96,113.62,115.19
2010-12-29,113.65,113.33,113.75
2010-12-30,113.44,112.06,114.38
2010-12-31,112.4,110.93,112.66
2011-01-03,111.54,111.44,111.54
2011-01-04,111.78,111.76,111.78
2011-01-05,111.11,110.5,111.52
2011-01-06,114.28,113.39,114.35
2011-01-07,114.16,113.93,114.5
2011-01-10,113.76,112.61,114.53
2011-01-11,113.17,111.59,115.46
2011-01-12,113.6,111.94,114.42
2011-01-13,114.48,113.58,114.53
2011-01-14,115.92,114.52,116.44
2011-01-18,115.89,115.39,116.09
2011-01-19,114.66,113.61,116.21
2011-01-20,114.08,112.37,114.83
2011-01-21,114.32,112.98,115.06
2011-01-24,116.04,116.01,116.05
2011-01-25,115.36,115.21,115.48
2011-01-26,114.31,113.35,115.49
2011-01-27,111.27,110.76,111.98
2011-01-28,110.89,110.47,111.23
2011-01-31,116.76,115.44,117.79
2011-02-01,116.92,116.64,117.1
2011-02-02,118.29,117.53,118.97
2011-02-03,118.16,117.59,118.23
2011-02-04,117.75,116.6,119.3
2011-02-07,119.22,118.01,120.01
2011-02-08,119,117.66,120.36
2011-02-09,118.59,118.38,118.74
2011-02-10,120.72,120.49,120.93
2011-02-11,121.34,120.2,122.45
2011-02-14,122.06,121.48,122.81
2011-02-15,116.38,115.91,116.93
2011-02-16,122.22,120.52,123.06
2011-02-17,122.57,120.91,124.9
2011-02-18,123.39,121.91,124.58
2011-02-22,123.07,121.44,124.85
2011-02-23,123.23,122.07,123.67
2011-02-24,125.97,124.84,127.64
2011-02-25,125.36,125.31,125.41
2011-02-28,124.76,124.15,124.94
2011-03-01,133.97,133.61,134.24
2011-03-02,133.8,132.37,135.35
2011-03-03,134.18,133.82,134.52
2011-03-04,132.7,131.88,133.39
2011-03-07,131.23,130.03,132.54
2011-03-08,132.12,130.99,132.87
2011-03-09,131.67,130.49,132.29
2011-03-10,132.77,131.39,134.01
2011-03-11,132.43,131.95,132.49
2011-03-14,132.6,131.75,132.84
2011-03-15,131.12,129.32,131.77
2011-03-16,130.47,130.2,130.57
2011-03-17,129.29,128.32,130.09
2011-03-18,130.5,129.77,131.25
2011-03-21,130.98,130.27,131.34
2011-03-22,131.98,131.29,132.26
2011-03-23,132.15,131.26,132.67
2011-03-24,133.87,131.98,135.51
2011-03-25,134.77,133.94,135.75
2011-03-28,135.88,135.23,136.09
2011-03-29,136.16,135.93,136.22
2011-03-30,136.95,135.94,138.02
2011-03-31,137.13,136.39,137.48
2011-04-01,136.99,136.49,137.47
2011-04-04,136.65,135.23,137.22
2011-04-05,137.86,135.96,138.72
2011-04-06,139.29,138.7,139.47
2011-04-07,138.84,138.13,139.88
2011-04-08,139.12,138.21,139.16
2011-04-11,137.1,135.19,137.5
2011-04-12,137.7,137.41,137.83
2011-04-13,136.96,135.28,138.2
2011-04-14,134.53,134.23,134.71
2011-04-15,144.4,142.67,145.45
2011-04-18,140.89,138.81,143.18
2011-04-19,148.13,147.47,148.56
2011-04-20,144.58,144.07,144.73
2011-04-21,139.86,138.07,142.44
2011-04-25,137.95,137.95,137.96
2011-04-26,141.21,140.22,141.77
2011-04-27,143.93,143.73,144.09
2011-04-28,142.39,141.46,142.78
2011-04-29,146.1,145.92,146.26
2011-05-02,146.72,146,147.12
2011-05-03,144.73,144.7,144.75
2011-05-04,143.81,142.32,144.58
2011-05-05,143.39,141.39,145.95
2011-05-06,143.46,143.25,143.69
2011-05-09,141.69,140.28,142.82
2011-05-10,140.64,139.59,141.55
2011-05-11,136.24,134.99,136.49
2011-05-12,137.62,135.98,138.47
2011-05-13,132.63,130.97,134.53
2011-05-16,121.99,121.31,122.49
2011-05-17,119.3,117.94,120.99
2011-05-18,123.29,121.73,124.24
2011-05-19,125.67,125.15,125.95
2011-05-20,120.8,119.96,121.96
2011-05-23,118.05,116.34,120.03
2011-05-24,114.53,114.28,114.89
2011-05-25,116.99,115.71,118.07
2011-05-26,122.36,121.71,123.32
2011-05-27,119.61,117.94,121.56
2011-05-31,116.36,115.77,116.98
2011-06-01,114.92,114.36,115.11
2011-06-02,114.43,113.69,114.51
2011-06-03,112.81,112.68,112.85
2011-06-06,116.28,116.05,116.44
2011-06-07,112.29,111.35,112.68
2011-06-08,110.61,109.64,110.9
2011-06-09,113.31,112.14,114.04
2011-06-10,114.33,113.62,114.44
2011-06-13,116.03,114.75,117.94
2011-06-14,115.77,115.55,116.04
2011-06-15,118.85,118.78,118.92
2011-06-16,112.19,111.13,112.34
2011-06-17,112.71,112.53,112.82
2011-06-20,109.1,108.46,110.04
2011-06-21,111.31,111,111.67
2011-06-22,117.19,115.61,119.31
2011-06-23,115.78,115.01,116.54
2011-06-24,114.19,113.94,114.24
2011-06-27,115.53,115.12,116.06
2011-06-28,115.45,115.23,115.64
2011-06-29,111.89,111.84,111.92
2011-06-30,114.47,113.14,116.37
2011-07-01,110.99,110.44,111.35
2011-07-05,111.78,110.7,112.56
2011-07-06,111.34,111.15,111.39
2011-07-07,106.47,106.07,106.76
2011-07-08,99.75,98.31,101.53
2011-07-11,99.62,99.44,99.79
2011-07-12,100.08,99.65,100.15
2011-07-13,105.44,104,106.44
2011-07-14,105.87,104.74,107.43
2011-07-15,110.17,109.89,110.54
2011-07-18,107.78,106.83,107.93
2011-07-19,109.73,108.56,111.34
2011-07-20,110.02,109.47,110.66
2011-07-21,110.12,108.58,110.3
2011-07-22,111.38,110.53,111.74
2011-07-25,114.82,113.67,116.14
2011-07-26,111.91,111.33,111.95
2011-07-27,112.99,112.76,113.31
2011-07-28,110.96,109.82,112.68
2011-07-29,109.26,109.02,109.37
2011-08-01,104.95,104.7,104.95
2011-08-02,105.46,104.78,106.44
2011-08-03,105.01,103.92,105.77
2011-08-04,108.64,108.33,109.06
2011-08-05,109.72,108.09,110.86
2011-08-08,113.13,112.12,113.62
2011-08-09,111.61,111.4,111.63
2011-08-10,113.2,112.66,113.96
2011-08-11,116.44,116.08,116.71
2011-08-12,113.74,113.3,114.23
2011-08-15,112.4,111.83,112.71
2011-08-16,110.59,109.15,110.95
2011-08-17,109.38,108.8,109.99
2011-08-18,115.19,114.54,115.86
2011-08-19,116.98,116.39,117.14
2011-08-22,123.22,122.16,124.46
2011-08-23,115.09,114.55,115.23
2011-08-24,120.02,118.76,120.36
2011-08-25,116.62,115.12,117.07
2011-08-26,119.44,119.25,119.71
2011-08-29,127.37,126.14,128.51
2011-08-30,129.58,128.01,131.84
2011-08-31,127.46,125.71,129.88
2011-09-01,130.99,129.4,131.22
2011-09-02,128.35,126.61,130.5
2011-09-06,130.91,130.63,131.16
2011-09-07,129.58,127.68,129.74
2011-09-08,130.1,129.25,130.11
2011-09-09,131.13,130.25,132.06
2011-09-12,130.62,130.25,130.62
2011-09-13,128.66,127.81,129.24
2011-09-14,124.52,123.15,125.62
2011-09-15,123.96,123.28,124.7
2011-09-16,126.41,125.24,127.28
2011-09-19,124.53,124.23,124.82
2011-09-20,124.37,124.36,124.39
2011-09-21,124.6,123.66,124.76
2011-09-22,124.26,124.09,124.49
2011-09-23,124.42,123.75,124.59
2011-09-26,123.76,122.72,124.02
2011-09-27,127.5,126.41,127.7
2011-09-28,131.59,131.07,131.66
2011-09-29,130.6,130.29,131
2011-09-30,130.08,128.15,130.4
2011-10-03,128.7,127.35,128.78
2011-10-04,127.99,127.2,128.22
2011-10-05,126.29,126.28,126.3
2011-10-06,125.11,125.03,125.14
2011-10-07,126.29,125.19,126.84
2011-10-10,125.09,124.16,126.22
2011-10-11,124.91,123.8,125.8
2011-10-12,123.42,123.02,123.88
2011-10-13,123.92,122.35,124.74
2011-10-14,122.34,120.54,124.81
2011-10-17,124.19,123.84,124.23
2011-10-18,127.61,127.03,127.95
2011-10-19,131.7,131.48,131.72
2011-10-20,129.59,128.29,130.37
2011-10-21,128.14,126.46,128.67
2011-10-24,128.35,126.69,129.89
2011-10-25,128.07,126.46,130
2011-10-26,127.5,126.62,127.83
2011-10-27,126.45,125.83,126.58
2011-10-28,125.05,123.78,126.61
2011-10-31,126.29,125.03,126.51
2011-11-01,127.33,126.94,127.57
2011-11-02,131.14,129.97,132.13
2011-11-03,131.52,131.17,131.67
2011-11-04,135.94,133.96,136.94
2011-11-07,136.34,135.48,137
2011-11-08,136.21,134.71,136.81
2011-11-09,137.1,136.38,137.39
2011-11-10,142.32,140.28,144.29
2011-11-11,142.62,142.42,142.81
2011-11-14,142.53,142.19,142.7
2011-11-15,140.78,139.47,142.31
2011-11-16,141.79,141.24,142.15
2011-11-17,146.32,144.74,147.61
2011-11-18,146.91,146.1,147.38
2011-11-21,147.05,145.66,148.11
2011-11-22,147.89,146.03,150.31
2011-11-23,148.57,147.99,149.18
2011-11-25,149.88,148.84,150.04
2011-11-28,149.54,148.88,150
2011-11-29,149.66,148.97,149.74
2011-11-30,151.29,150.34,151.83
2011-12-01,149.64,147.78,151.74
2011-12-02,150.28,149.68,150.58
2011-12-05,151.61,150.27,153.44
2011-12-06,147.59,145.81,148.35
2011-12-07,148.43,146.77,150.35
2011-12-08,150.04,149.78,150.41
2011-12-09,151.78,149.58,154.98
2011-12-12,151.62,149.86,153.75
2011-12-13,150.04,148.41,152.09
2011-12-14,149.67,149.36,149.98
2011-12-15,148.21,147.52,148.24
2011-12-16,146.29,144.67,147.94
2011-12-19,145.02,144.05,145.82
2011-12-20,148.19,147.38,148.47
2011-12-21,150.02,148.89,150.18
2011-12-22,151.7,149.87,152.57
2011-12-23,162.87,161.82,163.67
2011-12-27,163.3,161.82,163.73
2011-12-28,163,161.26,163.67
2011-12-29,159.72,158.37,160.81
2011-12-30,157.53,156.43,157.85
2012-01-03,159.56,157.37,162.26
2012-01-04,161.04,160.69,161.35
2012-01-05,164.58,164.4,164.62
2012-01-06,167.54,165.47,168.48
2012-01-09,166.81,165.82,167.15
2012-01-10,163.52,161.44,164.05
2012-01-11,162.45,161.09,163.53
2012-01-12,158.98,158.03,160.03
2012-01-13,159.1,157.73,160.52
2012-01-17,160.29,158.35,162.94
2012-01-18,160.39,158.21,161
2012-01-19,157.45,156.45,158.06
2012-01-20,156.24,155,157.2
2012-01-23,160.08,159.16,160.85
2012-01-24,158.3,157.13,159.65
2012-01-25,161.65,160.79,161.74
2012-01-26,161.9,161.32,162.51
2012-01-27,161.79,159.48,165.09
2012-01-30,161.12,159.37,163.05
2012-01-31,167.47,166.18,167.49
2012-02-01,178.03,177.31,179.07
2012-02-02,181.72,179.64,182.82
2012-02-03,183.71,181.8,185.68
2012-02-06,183,182.16,183.32
2012-02-07,188.13,187.68,188.23
2012-02-08,188.21,186.35,190.48
2012-02-09,184.29,183.47,184.63
2012-02-10,181.3,180.18,181.87
2012-02-13,179.66,177.83,181.76
2012-02-14,183.19,182.39,183.6
2012-02-15,181.87,179.77,184.14
2012-02-16,188.18,186.91,190.08
2012-02-17,190.07,187.47,192.7
2012-02-21,195,194.85,195.11
2012-02-22,204.38,201.44,206.32
2012-02-23,203.42,200.59,203.53
2012-02-24,202.75,201.85,202.96
2012-02-27,200.15,197.98,202.79
2012-02-28,207.61,207.34,207.65
2012-02-29,209.17,206.51,210.32
2012-03-01,208.7,206.84,210.61
2012-03-02,208.03,206.8,209.47
2012-03-05,203.96,202.29,205.55
2012-03-06,206.5,203.43,207.11
2012-03-07,205.54,203.47,207.49
2012-03-08,196.22,194.55,196.96
2012-03-09,194.76,194.08,195.5
2012-03-12,192.45,190.76,193.06
2012-03-13,190.87,189.17,192.29
2012-03-14,193.89,193.64,193.96
2012-03-15,194.29,193.53,194.84
2012-03-16,191.79,190.68,193.38
2012-03-19,188.73,188.38,189.07
2012-03-20,191.97,190.15,192.21
2012-03-21,188.15,186.76,190.17
2012-03-22,182.99,181.82,183.99
2012-03-23,184.63,184,184.65
2012-03-26,186.03,183.8,187.54
2012-03-27,185.99,183.76,186.75
2012-03-28,186.4,184.76,186.41
2012-03-29,194.77,192.65,197.36
2012-03-30,193.93,193.53,194.01
2012-04-02,195.73,193.18,195.9
2012-04-03,195.91,195.9,195.92
2012-04-04,191.75,191.37,192.24
2012-04-05,193.54,191.25,195.92
2012-04-09,197.38,195.84,199.29
2012-04-10,197.28,196.47,197.31
2012-04-11,200.73,199.96,201.54
2012-04-12,201.22,200.63,201.31
2012-04-13,200.05,200.03,200.06
2012-04-16,199.66,199.36,199.7
2012-04-17,197.3,195.67,198.24
2012-04-18,201.05,200.39,201.52
2012-04-19,202.04,200.71,203.18
2012-04-20,199.48,199.24,199.57
2012-04-23,198.99,198.25,199.14
2012-04-24,203.94,202.64,204.75
2012-04-25,200.48,198.66,202.37
2012-04-26,198.31,198.23,198.32
2012-04-27,194.65,192.81,195.86
2012-04-30,196.24,194.3,196.44
2012-05-01,193.31,192.38,194.67
2012-05-02,191.37,190.08,191.67
2012-05-03,197.93,195.37,201.65
2012-05-04,198.11,196.05,198.24
2012-05-07,197.24,194.79,199.94
2012-05-08,196.73,194.48,199.57
2012-05-09,195.33,193.85,197.37
2012-05-10,194.75,191.84,194.79
2012-05-11,199.47,198.73,199.88
2012-05-14,196.21,194.27,198.92
2012-05-15,198.67,197.62,199.21
2012-05-16,199.57,197.66,202.05
2012-05-17,200.94,198.8,201.62
2012-05-18,201.19,201.05,201.24
2012-05-21,197.47,196.57,198.08
2012-05-22,197.11,194.41,197.59
2012-05-23,194.91,192.25,198.53
2012-05-24,194.43,194.02,194.57
2012-05-25,189.64,189.1,190.4
2012-05-29,188.69,187.82,188.78
2012-05-30,191.01,190.98,191.03
2012-05-31,184.24,183.95,184.63
2012-06-01,186.42,184.67,188.61
2012-06-04,180.08,179.75,180.36
2012-06-05,178.85,177.3,179.44
2012-06-06,176.66,174.48,179.4
2012-06-07,174.12,172.86,175.98
2012-06-08,176.8,174.25,178.42
2012-06-11,172.1,169.87,172.64
2012-06-12,170.9,169.17,171.04
2012-06-13,175.89,175.48,176.21
2012-06-14,178.25,176.36,180.33
2012-06-15,173.28,172.46,174.37
2012-06-18,174.11,173.3,174.73
2012-06-19,176.75,175.64,178.18
2012-06-20,175.14,174.81,175.47
2012-06-21,184.94,183.91,185.03
2012-06-22,182.45,179.82,182.76
2012-06-25,187.34,184.91,190.48
2012-06-26,186.65,185.28,188.34
2012-06-27,176.55,174.52,179.17
2012-06-28,174.75,174.26,175.39
2012-06-29,177.5,177.32,177.64
2012-07-02,180.42,180.02,180.59
2012-07-03,184.61,182.59,186.36
2012-07-05,189.26,188.51,189.72
2012-07-06,195.25,193.88,197.06
2012-07-09,193.69,193.66,193.73
2012-07-10,190.61,188.59,193.26
2012-07-11,185.93,185.44,185.95
2012-07-12,185.53,183.26,187.18
2012-07-13,178.74,177.39,179.65
2012-07-16,171.58,169.3,172.68
2012-07-17,172.91,172.06,174.17
2012-07-18,173.54,172.23,174.08
2012-07-19,174.13,173.94,174.15
2012-07-20,171.51,170.78,171.71
2012-07-23,167.59,167.03,168.3
2012-07-24,169.49,167.57,169.55
2012-07-25,176.97,174.43,177.64
2012-07-26,186.88,186.04,187.11
2012-07-27,185.16,182.77,187.73
2012-07-30,178.8,176.9,180.8
2012-07-31,178.42,176.35,179.87
2012-08-01,173.42,173.41,173.42
2012-08-02,176.5,174.34,176.54
2012-08-03,176.04,175.2,176.29
2012-08-06,167.77,165.79,168.84
2012-08-07,163.13,162.49,163.67
2012-08-08,161.87,160.93,162.79
2012-08-09,155.29,153.53,155.69
2012-08-10,155.87,154.31,156.38
2012-08-13,153.19,152.38,154.27
2012-08-14,151.73,149.64,152.24
2012-08-15,139.93,138.04,140.94
2012-08-16,145.68,143.71,145.77
2012-08-17,154.83,153.13,156.92
2012-08-20,156.7,155.07,158.15
2012-08-21,156.61,156.33,156.61
2012-08-22,156.16,155.67,156.32
2012-08-23,147.24,145.78,147.87
2012-08-24,144.16,142.98,144.16
2012-08-27,145.9,145.35,146.25
2012-08-28,144.5,142.54,145.52
2012-08-29,146.12,145.24,147.15
2012-08-30,145.16,143.51,145.77
2012-08-31,142.81,140.99,143.67
2012-09-04,147.12,145.04,147.5
2012-09-05,147.61,146.73,147.88
2012-09-06,153.65,151.85,154.63
2012-09-07,154.26,152.11,155.94
2012-09-10,146.58,145.65,147.8
2012-09-11,138.16,137.7,138.78
2012-09-12,135.93,135.74,136
2012-09-13,139.03,137.44,140.66
2012-09-14,141.51,140.21,143.19
2012-09-17,132.22,130.45,134.2
2012-09-18,125.23,124.87,125.45
2012-09-19,131.56,131.37,131.79
2012-09-20,135.28,134.71,135.52
2012-09-21,142.63,141.11,144.39
2012-09-24,145.15,144.06,145.85
2012-09-25,141.1,139.12,142.26
2012-09-26,144.12,142.53,144.41
2012-09-27,139.27,138.41,139.51
2012-09-28,131.74,131.58,131.77
2012-10-01,138.8,138.29,139.18
2012-10-02,144.15,143.67,144.35
2012-10-03,152.72,151.67,154.03
2012-10-04,150.87,150.48,151.2
2012-10-05,154.15,153.7,154.62
2012-10-08,153.98,152.8,155.57
2012-10-09,148.58,148.07,149.3
2012-10-10,147.09,146.36,148.07
2012-10-11,154.12,152.8,155.17
2012-10-12,158.49,156.33,159.5
2012-10-15,161.12,159.5,163.17
2012-10-16,162.96,162.38,163.78
2012-10-17,161.29,160.79,161.36
2012-10-18,167.77,166.73,168.9
2012-10-19,162.68,162.3,162.81
2012-10-22,161.67,160.71,162.39
2012-10-23,159.62,158.74,159.92
2012-10-24,158.2,156.31,159.19
2012-10-25,161.89,160.42,162.02
2012-10-26,154,152.42,155.46
2012-10-31,157.94,157.91,157.98
2012-11-01,160.79,160.46,161.13
2012-11-02,158.61,157.6,158.96
2012-11-05,156.63,155.98,157.15
2012-11-06,172.71,171.49,174.06
2012-11-07,174.36,172.29,177.35
2012-11-08,165.28,163.52,166.65
2012-11-09,158.77,158.42,159.22
2012-11-12,155.45,153.69,157.18
2012-11-13,158.91,158,159.32
2012-11-14,164.93,163.1,167.12
2012-11-15,160.52,158.69,161.84
2012-11-16,168.46,166.98,169.29
2012-11-19,166.81,165.51,168.61
2012-11-20,164.14,163.41,164.36
2012-11-21,172.95,172.65,173.35
2012-11-23,183.35,182.36,183.98
2012-11-26,171.54,168.98,171.63
2012-11-27,169.12,166.99,171.09
2012-11-28,170.69,168.44,173.49
2012-11-29,174.95,174.49,175.14
2012-11-30,175.55,173.96,176.14
2012-12-03,176.25,175.95,176.65
2012-12-04,183.96,182.01,185.54
2012-12-05,186.94,186.63,187.08
2012-12-06,193.42,191.83,195.56
2012-12-07,194.94,194.27,195.64
2012-12-10,200.57,198.86,202.11
2012-12-11,216.61,215.41,217.3
2012-12-12,233.7,231.13,235.55
2012-12-13,215.55,214.08,217.68
2012-12-14,225.82,224.97,226.85
2012-12-17,227.26,225.29,227.92
2012-12-18,224.87,223.12,225.5
2012-12-19,219.98,217.71,220.4
2012-12-20,224.99,222.1,226.35
2012-12-21,226.68,224.49,227.02
2012-12-24,225.34,223.66,227.16
2012-12-26,225.89,224.62,226.87
2012-12-27,235.13,232.91,235.27
2012-12-28,235.86,233.28,238.97
2012-12-31,230.92,230.77,231.04
2013-01-02,223.37,221.39,224.46
2013-01-03,212.28,210.69,214.13
2013-01-04,224.77,224.54,224.92
2013-01-07,233.71,231.14,236.16
2013-01-08,228.99,227.87,229.2
2013-01-09,227.85,225.97,228.6
2013-01-10,228.56,226.2,230.33
2013-01-11,231.68,229.16,233.98
2013-01-14,228.06,224.79,229.22
2013-01-15,216.19,215.35,217.36
2013-01-16,218.14,215.54,219.75
2013-01-17,219.45,218.64,220.21
2013-01-18,214.21,213.29,214.77
2013-01-22,214.84,212.74,216.9
2013-01-23,212.06,211.58,212.12
2013-01-24,210.53,207.94,212.22
2013-01-25,192.64,191.87,192.75
2013-01-28,188.52,188.44,188.52
2013-01-29,200.26,200.09,200.49
2013-01-30,184.23,183.65,184.49
2013-01-31,182.51,181.21,183.79
2013-02-01,194.2,192.86,195.81
2013-02-04,185.65,184.28,186.86
2013-02-05,176.76,174.8,178.86
2013-02-06,168.26,167.05,169.22
2013-02-07,161.98,160.37,162.65
2013-02-08,152.6,152.42,152.84
2013-02-11,154.79,153.4,156.12
2013-02-12,153.6,151.52,153.64
2013-02-13,160.93,160.14,161.64
2013-02-14,159.66,157.33,160.9
2013-02-15,163.02,161.16,165.32
2013-02-19,155.95,153.64,156.75
2013-02-20,161.77,161.74,161.79
2013-02-21,150.64,148.42,153.07
2013-02-22,151.12,151.12,151.12
2013-02-25,154.69,154.17,155.28
2013-02-26,152.96,151.68,154.07
2013-02-27,145.67,144.39,146.19
2013-02-28,148.08,146.65,148.41
2013-03-01,143.15,142.1,143.48
2013-03-04,141.5,139.67,141.99
2013-03-05,147.21,146.91,147.47
2013-03-06,154.77,152.78,156.06
2013-03-07,153.42,153.05,153.92
2013-03-08,160.29,159.34,161.39
2013-03-11,160.5,159.28,161.19
2013-03-12,155.79,154.83,156.07
2013-03-13,158.85,157.74,159.83
2013-03-14,157.36,156.25,158
2013-03-15,163.24,163.1,163.25
2013-03-18,177.36,174.92,179.27
2013-03-19,170.45,170.36,170.56
2013-03-20,172.08,170.58,174
2013-03-21,172.39,171.53,172.58
2013-03-22,166.61,164.93,166.89
2013-03-25,167.72,166.99,168.76
2013-03-26,173.67,172.06,173.73
2013-03-27,168.05,166.75,168.43
2013-03-28,170.41,170.14,170.75
2013-04-01,172.55,172.33,172.79
2013-04-02,164.82,163.59,164.85
2013-04-03,162.49,161.82,162.51
2013-04-04,158.5,156.23,160.43
2013-04-05,166.18,165.43,166.35
2013-04-08,160.51,160.47,160.55
2013-04-09,157.95,156.22,158.92
2013-04-10,157.41,157.12,157.8
2013-04-11,160.52,158.55,160.58
2013-04-12,165.22,164.91,165.46
2013-04-15,159.65,157.27,161.35
2013-04-16,160.49,160.39,160.63
2013-04-17,168.14,165.7,170.45
2013-04-18,170.33,169.56,170.82
2013-04-19,168.04,167.3,168.85
2013-04-22,166.36,165.88,166.65
2013-04-23,165.73,163.56,168.23
2013-04-24,166.91,166.21,167.38
2013-04-25,168.87,168.81,168.92
2013-04-26,171.74,169.81,172.4
2013-04-29,172.2,171.87,172.34
2013-04-30,169.62,169.24,170.17
2013-05-01,162.91,162.63,162.99
2013-05-02,166.98,166.61,167.48
2013-05-03,162.35,161,163.05
2013-05-06,162.82,161.39,164.75
2013-05-07,158.86,157.06,159.93
2013-05-08,147.44,145.24,148.85
2013-05-09,139.28,137.84,139.3
2013-05-10,141.34,139.76,143.13
2013-05-13,142.69,140.65,144.91
2013-05-14,147.8,146.36,148.17
2013-05-15,148.92,148.2,149.49
2013-05-16,146.23,145.79,146.84
2013-05-17,148.29,148.09,148.52
2013-05-20,144.65,144.56,144.68
2013-05-21,148.65,148.42,148.97
2013-05-22,147.37,145.89,147.97
2013-05-23,149.56,147.4,151.06
2013-05-24,148.95,148.37,149.62
2013-05-28,155.43,155.26,155.55
2013-05-29,154.19,154.06,154.33
2013-05-30,156.2,155.3,157.16
2013-05-31,152.01,151.36,152.28
2013-06-03,152.37,150.45,153.24
2013-06-04,147.17,145.77,148.68
2013-06-05,145.47,145.41,145.54
2013-06-06,148.43,148.28,148.49
2013-06-07,158.16,156.92,159.55
2013-06-10,162.71,162.37,163.06
2013-06-11,162.01,159.95,162.52
2013-06-12,166.67,166.6,166.69
2013-06-13,165.99,163.57,169.29
2013-06-14,162.36,160.74,164.56
2013-06-17,163.57,163.28,163.68
2013-06-18,166.37,164.69,168.36
2013-06-19,165.78,165.32,165.88
2013-06-20,166.13,164.27,167.96
2013-06-21,161.19,159.67,162.29
2013-06-24,159.23,158.76,159.62
2013-06-25,154.91,153.07,155.76
2013-06-26,156.59,155.22,157.94
2013-06-27,161.91,160.68,162.35
2013-06-28,162.07,160.75,162.29
2013-07-01,159.91,159.21,160.48
2013-07-02,158.9,157.61,160.15
2013-07-03,159.76,159.23,160.27
2013-07-05,162.52,162.2,162.6
2013-07-08,163.86,163.48,164.19
2013-07-09,163.71,162.49,164.41
2013-07-10,161.12,159.83,161.93
2013-07-11,158.87,157.41,160.57
2013-07-12,161.76,161.06,162.45
2013-07-15,158.51,156.96,159.85
2013-07-16,167.96,167.37,168.77
2013-07-17,167.62,167.59,167.63
2013-07-18,169.31,169.23,169.38
2013-07-19,174.67,174.09,174.71
2013-07-22,175.77,173.28,178.24
2013-07-23,178.26,177.57,178.62
2013-07-24,173.77,171.32,177.13
2013-07-25,173.31,173.28,173.32
2013-07-26,169.95,168.16,172.14
2013-07-29,162.9,162.54,163.35
2013-07-30,160.16,158.5,162.57
2013-07-31,160.36,158.1,161.52
2013-08-01,158.46,158.15,158.69
2013-08-02,157.9,156.75,158.37
2013-08-05,158.68,157.9,159.06
2013-08-06,158.96,157.14,160.65
2013-08-07,162.12,161.96,162.18
2013-08-08,165.4,164.46,165.76
2013-08-09,165.64,164.6,166.17
2013-08-12,166.45,166.43,166.47
2013-08-13,160.03,159.34,160.75
2013-08-14,166.02,163.91,167.1
2013-08-15,165.64,165.45,165.81
2013-08-16,166.23,164.77,167.61
2013-08-19,166.27,165.87,166.45
2013-08-20,164.03,162.21,165.72
2013-08-21,166.52,166.04,166.92
2013-08-22,168.43,165.99,168.51
2013-08-23,164.85,164.11,165.45
2013-08-26,161.79,160.66,161.97
2013-08-27,158.09,157.52,158.5
2013-08-28,158.32,155.99,160.94
2013-08-29,153,150.8,154.15
2013-08-30,153.24,152.91,153.35
2013-09-03,155.84,155.01,155.93
2013-09-04,150,149.77,150.33
2013-09-05,145.79,144.26,147.33
2013-09-06,153.4,151.52,155.94
2013-09-09,150.77,149.44,150.98
2013-09-10,157.4,155.91,157.62
2013-09-11,156.25,154.55,157.91
2013-09-12,152.62,151.49,153.52
2013-09-13,154.1,153.44,154.35
2013-09-16,150.46,149.91,151
2013-09-17,153.96,152.57,154.75
2013-09-18,161.07,160.9,161.23
2013-09-19,169.81,168.4,170.47
2013-09-20,169.95,169.62,170.39
2013-09-23,168.92,168.67,168.94
2013-09-24,172.73,170.77,175.33
2013-09-25,171.61,169.1,174.25
2013-09-26,176.43,174.03,177.55
2013-09-27,167.81,167.63,168.05
2013-09-30,182.05,179.81,182.81
2013-10-01,181.82,181.63,181.97
2013-10-02,188.9,188.08,190.08
2013-10-03,215.34,214.24,216.19
2013-10-04,219.79,218.65,220.7
2013-10-07,219.51,218.33,220.74
2013-10-08,212.9,210.23,215.66
2013-10-09,218.01,215.32,219.94
2013-10-10,221.85,219.14,222.84
2013-10-11,220.07,217.3,221.44
2013-10-14,220.42,217.56,223.87
2013-10-15,214.67,211.7,215.1
2013-10-16,208.36,205.45,208.71
2013-10-17,204.6,202.25,207.78
2013-10-18,210.89,209.96,211.17
2013-10-21,207.77,205.46,208.65
2013-10-22,201.91,199.23,205.33
2013-10-23,204.65,204.25,204.88
2013-10-24,210.06,207.51,211.47
2013-10-25,206.49,205.18,206.55
2013-10-28,205.78,202.82,205.91
2013-10-29,200.62,198.95,202.52
2013-10-30,193.08,193.06,193.09
2013-10-31,193.41,191.04,196.95
2013-11-01,186.95,186.94,186.97
2013-11-04,182.1,179.74,183.12
2013-11-05,186.63,185.13,188.02
2013-11-06,183.28,180.73,183.96
2013-11-07,190.86,189.22,192.46
2013-11-08,202.68,200.39,205.7
2013-11-11,198.48,197.03,199.01
2013-11-12,186.99,185.65,187.66
2013-11-13,182.93,182.17,183.06
2013-11-14,190.03,189.34,190.78
2013-11-15,191.42,190.69,192.4
2013-11-18,180.28,179.34,180.29
2013-11-19,180.01,178.35,181.99
2013-11-20,175.08,173.42,175.09
2013-11-21,171.47,170.54,172.74
2013-11-22,176.16,176.09,176.24
2013-11-25,175.38,174.12,176.42
2013-11-26,181.01,179.4,181.48
2013-11-27,193.73,192.25,194.96
2013-11-29,184.39,183.77,184.81
2013-12-02,184.37,182.85,185.84
2013-12-03,177.36,175.83,177.84
2013-12-04,176.27,175.68,176.66
2013-12-05,183.83,182.16,185.57
2013-12-06,184.78,183.92,185.71
2013-12-09,184.74,184.7,184.77
2013-12-10,187.66,186.48,188.28
2013-12-11,192.83,192.34,193.24
2013-12-12,184.62,183.26,185.83
2013-12-13,179.44,178.14,180.24
2013-12-16,159.25,158.47,159.28
2013-12-17,162.6,161.06,164.4
2013-12-18,164.83,163.8,165.8
2013-12-19,169.82,167.37,171.24
2013-12-20,170.32,167.91,173.62
2013-12-23,168.59,167.15,170.62
2013-12-24,171.34,170.28,172.04
2013-12-26,175.48,173.4,177.98
2013-12-27,174.86,173.64,175.54
2013-12-30,178.67,177.67,179.29
2013-12-31,183.62,181.47,184.92
2014-01-02,185.89,185.83,185.97
2014-01-03,189.8,189.14,190.54
2014-01-06,188.72,186.23,192.13
2014-01-07,188.81,187.56,189.69
2014-01-08,186.69,185.48,187.1
2014-01-09,184.03,183.06,184.64
2014-01-10,184.34,181.68,187.56
2014-01-13,183.58,183.19,183.93
2014-01-14,186.3,185.75,186.82
2014-01-15,187.54,186.11,189.62
2014-01-16,185.06,183.65,186.1
2014-01-17,182.44,180.26,182.83
2014-01-21,184.49,183.12,186.5
2014-01-22,183.73,181.92,186.2
2014-01-23,186.44,185.6,187.22
2014-01-24,202.97,200.56,205.34
2014-01-27,199.44,199,199.52
2014-01-28,201.25,198.24,205.38
2014-01-29,201.69,199.37,203.95
2014-01-30,208.05,205.18,210.4
2014-01-31,210.09,208.87,211.82
2014-02-03,207.35,205.53,207.62
2014-02-04,205.07,202.69,207.37
2014-02-05,198,195.09,200.71
2014-02-06,201.87,199.09,204.28
2014-02-07,201.63,201.46,201.77
2014-02-10,205.84,204.27,206.38
2014-02-11,206.4,205.91,206.59
2014-02-12,207.42,204.65,207.77
2014-02-13,211.41,209.49,214.15
2014-02-14,210.84,208.76,213.19
2014-02-18,207.29,205.46,207.62
2014-02-19,209.45,206.68,212.05
2014-02-20,209.1,206.86,210.02
2014-02-21,211.16,208.82,213.61
2014-02-24,210.69,209.88,211.31
2014-02-25,211.49,209.21,213.61
2014-02-26,216.07,214.23,218.19
2014-02-27,216.41,214.52,218.25
2014-02-28,215.95,215.36,216.72
2014-03-03,216.54,214.38,217.01
2014-03-04,216.3,215.96,216.67
2014-03-05,213.74,212.23,214.64
2014-03-06,214.31,212.4,216.96
2014-03-07,216.29,215.55,216.59
2014-03-10,215.7,215.47,215.74
2014-03-11,214.06,212.22,215.81
2014-03-12,212.54,211.66,212.54
2014-03-13,218.61,215.59,219.47
2014-03-14,217.9,217.14,218.37
2014-03-17,211.82,208.75,213.97
2014-03-18,211.69,211.64,211.76
2014-03-19,210.98,209.56,211.96
2014-03-20,207.58,207.19,207.62
2014-03-21,206.98,205.91,207.9
2014-03-24,208.02,205.98,210.3
2014-03-25,208.02,205.98,209.58
2014-03-26,212.58,211.37,213.91
2014-03-27,212.11,209.87,212.67
2014-03-28,211.98,209.84,212.71
2014-03-31,214.09,212.57,215.66
2014-04-01,213.02,212.57,213.2
2014-04-02,215.49,213.98,217.13
2014-04-03,214.89,213.47,215.9
2014-04-04,219.36,216.95,220.05
2014-04-07,219.71,219.56,219.88
2014-04-08,220.18,218.3,220.19
2014-04-09,221.95,220.52,223.77
2014-04-10,220.88,219.1,222.21
2014-04-11,220.88,219.45,221.34
2014-04-14,223.12,221.47,223.22
2014-04-15,221.22,218.73,222.6
2014-04-16,220.27,218.86,221.74
2014-04-17,221.1,218.94,223.07
2014-04-21,222.4,220.7,224.19
2014-04-22,220.97,217.68,224.88
2014-04-23,222.74,220.41,223.44
2014-04-24,223.69,221.51,225.38
2014-04-25,222.62,220.99,223.43
2014-04-28,222.62,221.26,223.72
2014-04-29,217.98,216.61,218.72
2014-04-30,214.17,212.09,215.88
2014-05-01,213.92,213.68,214.04
2014-05-02,214.63,212.54,215.9
2014-05-05,211.88,210.39,212.86
2014-05-06,211.28,208.67,214.12
2014-05-07,218.42,216.77,219.94
2014-05-08,221.75,220.84,222.4
2014-05-09,219.96,219.29,220.76
2014-05-12,218.64,217.18,220.05
2014-05-13,220.18,218.55,222.03
2014-05-14,217.19,216.18,217.61
2014-05-15,215.99,214.16,217.11
2014-05-16,217.66,215.18,218.86
2014-05-19,216.81,214.94,217.89
2014-05-20,215.13,212.71,215.86
2014-05-21,217.51,217.34,217.72
2014-05-22,218.23,215.1,219.52
2014-05-23,217.5,214.85,219.85
2014-05-27,218.45,217.61,218.54
2014-05-28,221.09,217.85,223.11
2014-05-29,220.12,217.28,221.91
2014-05-30,220.83,218.51,223.29
2014-06-02,220.11,219.44,220.21
2014-06-03,217.45,216.79,217.8
2014-06-04,217.69,214.6,220
2014-06-05,218.65,217.93,219.69
2014-06-06,220.83,220.73,220.98
2014-06-09,224.1,222.07,224.47
2014-06-10,223.73,222.12,224.3
2014-06-11,221.78,218.84,225.5
2014-06-12,224.21,223.55,224.29
2014-06-13,219.57,218.74,219.81
2014-06-16,220.66,219.91,220.74
2014-06-17,223.22,221.29,226.07
2014-06-18,223.57,223.55,223.58
2014-06-19,234.39,234.15,234.63
2014-06-20,233.35,232.81,233.5
2014-06-23,250.5,249.64,250.52
2014-06-24,267.85,264.68,271.49
2014-06-25,262.73,259.18,267.34
2014-06-26,263.33,263,263.71
2014-06-27,243.82,242.02,245.26
2014-06-30,234.04,233.14,234.29
2014-07-01,227.99,227.42,228.34
2014-07-02,198.89,198.6,198.9
2014-07-03,195.77,195.74,195.79
2014-07-07,218.03,215.69,220.15
2014-07-08,218.7,216.04,222.35
2014-07-09,219.98,218.59,221.67
2014-07-10,212.77,209.58,215.85
2014-07-11,206.7,205.35,208.2
2014-07-14,178.75,178.67,178.84
2014-07-15,189.82,187.68,192.43
2014-07-16,186.65,185.89,187.19
2014-07-17,165.06,163.53,165.39
2014-07-18,161.05,160.62,161.52
2014-07-21,131.21,130.89,131.64
2014-07-22,126.9,125.05,128.67
2014-07-23,106.61,106.22,106.8
2014-07-24,108,107.68,108.26
2014-07-25,108.03,107.01,108.28
2014-07-28,109.79,109.11,110.29
2014-07-29,112.8,112.64,113.01
2014-07-30,120.51,120.47,120.56
2014-07-31,118.09,116.74,119
2014-08-01,115.07,114.84,115.23
2014-08-04,112.39,111.99,112.59
2014-08-05,117.35,115.97,118.77
2014-08-06,107.9,107.73,108.04
2014-08-07,101.89,100.95,102.99
2014-08-08,107.67,107.09,108.42
2014-08-11,115.85,114.29,116.14
2014-08-12,122.47,122.3,122.61
2014-08-13,123.29,122.08,123.92
2014-08-14,128.78,128.22,129.21
2014-08-15,146.37,144.87,147.86
2014-08-18,159.69,159.31,159.76
2014-08-19,164.26,162.86,164.45
2014-08-20,167.81,165.38,169.36
2014-08-21,169.85,168.08,170.69
2014-08-22,168.24,167.45,168.37
2014-08-25,154.89,152.6,155.3
2014-08-26,165.2,163.89,167
2014-08-27,159.31,157.94,160.91
2014-08-28,163.8,163.55,164.01
2014-08-29,180.51,179.01,182.31
2014-09-02,173.91,172.32,174.23
2014-09-03,181.1,180.7,181.14
2014-09-04,176.98,174.98,179.95
2014-09-05,158.83,157.57,158.98
2014-09-08,172.48,172.21,172.71
2014-09-09,174.16,173.32,175.11
2014-09-10,177.5,175.36,177.71
2014-09-11,177.02,175.76,177.97
2014-09-12,186.05,184.33,188.46
2014-09-15,184.3,182.47,184.64
2014-09-16,183.97,183.15,184.47
2014-09-17,179.87,177.36,179.9
2014-09-18,182.77,181.62,183.17
2014-09-19,181.92,179.68,182.19
2014-09-22,185.31,184.47,186.13
2014-09-23,184.12,182.42,185.99
2014-09-24,185.94,183.68,186.27
2014-09-25,188.78,188.21,189.27
2014-09-26,186.43,183.83,187.47
2014-09-29,186.98,184.64,189
2014-09-30,187.39,186.03,187.85
2014-10-01,184.19,181.95,186.71
2014-10-02,190.96,188.84,191.73
2014-10-03,205.49,203.5,208.22
2014-10-06,201.81,200.25,202.15
2014-10-07,202.24,201.82,202.34
2014-10-08,198.09,196.69,198.33
2014-10-09,203.06,202.71,203.38
2014-10-10,217.9,217.67,218.04
2014-10-13,215.89,212.99,219.61
2014-10-14,235.37,234.68,235.65
2014-10-15,223.51,223.46,223.53
2014-10-16,214.99,214.83,215.18
2014-10-17,227.89,227.33,228.31
2014-10-20,225.99,224.51,227.56
2014-10-21,228.33,225.57,228.36
2014-10-22,231.25,229.83,232.07
2014-10-23,230.66,229.5,231.16
2014-10-24,229.27,228.97,229.5
2014-10-27,231.11,228.11,235.53
2014-10-28,221.78,220.56,221.79
2014-10-29,227.7,226.37,229.21
2014-10-30,221.76,220.22,224.03
2014-10-31,233.33,233.12,233.62
2014-11-03,249.74,247.9,249.77
2014-11-04,259.08,257.28,259.18
2014-11-05,279.82,278.24,281.14
2014-11-06,317.68,313.12,323.32
2014-11-07,322.08,320.22,323.53
2014-11-10,322.88,321.16,324.18
2014-11-11,325.08,320.45,329.06
2014-11-12,339.05,334.88,345
2014-11-13,338.77,334.02,342.2
2014-11-14,347.39,346.16,348.18
2014-11-17,354.67,351.55,354.93
2014-11-18,353.38,351.99,354.65
2014-11-19,357.53,354.4,362
2014-11-20,368.04,363.29,372.07
2014-11-21,362.89,362.83,362.99
2014-11-24,355.7,355.01,355.77
2014-11-25,355.51,353.76,356.58
2014-11-26,362.66,359.22,364.09
2014-11-28,371.6,370.51,371.99
2014-12-01,355.53,350.54,358.43
2014-12-02,354.54,349.54,357.56
2014-12-03,355.18,351.57,359.12
2014-12-04,356.76,353.06,357.5
2014-12-05,360.94,359.94,362.12
2014-12-08,363.67,359.8,363.88
2014-12-09,357.78,355.73,360.28
2014-12-10,344.15,340.12,345.8
2014-12-11,344.32,340.56,347.01
2014-12-12,345.72,340.99,351.01
2014-12-15,349.86,344.72,357.4
2014-12-16,343.83,339.17,344.36
2014-12-17,344.04,339.1,345.22
2014-12-18,353.54,351.27,354.31
2014-12-19,368.4,363.83,374.63
2014-12-22,362.22,358.72,365.74
2014-12-23,371.36,370.81,371.72
2014-12-24,376.13,372.78,378.37
2014-12-26,370.02,364.77,376.16
2014-12-29,374.25,370.48,379.41
2014-12-30,383.33,377.87,388.79
2014-12-31,383.14,378.82,389.6
2015-01-02,384.98,380.39,385.16
2015-01-05,383.45,380.9,383.71
2015-01-06,383.57,382.88,384.39
2015-01-07,383.54,382.57,384.46
2015-01-08,381.73,379.06,384.73
2015-01-09,372.34,371.88,372.74
2015-01-12,371.63,366.17,375.49
2015-01-13,372.61,372.51,372.73
2015-01-14,384.21,382.19,386.28
2015-01-15,390.4,386.67,394.62
2015-01-16,386.66,381.66,390.86
2015-01-20,393.56,389.45,396.22
2015-01-21,391.32,386.84,394.72
2015-01-22,390.38,386.69,391.78
2015-01-23,388.45,388.33,388.45
2015-01-26,376.01,371.48,382.45
2015-01-27,374.9,372.27,378.61
2015-01-28,377.27,374.64,379.49
2015-01-29,374.93,369.31,382.09
2015-01-30,377.22,372.17,383.38
2015-02-02,374.57,374.51,374.6
2015-02-03,377.53,374.63,379.26
2015-02-04,380.62,378.71,382.12
2015-02-05,382.25,381.57,382.46
2015-02-06,380.54,376.9,383.77
2015-02-09,383.68,379.58,387.82
2015-02-10,382.17,379.74,385.69
2015-02-11,380.34,379.5,380.52
2015-02-12,373.53,368.19,379.09
2015-02-13,370.82,368.27,371.69
2015-02-17,376.75,373.85,377.74
2015-02-18,376.54,375.63,377.31
2015-02-19,381.44,379.84,382.85
2015-02-20,379.49,377.05,381
2015-02-23,380,376.36,385.43
2015-02-24,380.56,377.76,380.69
2015-02-25,393.25,390,395.29
2015-02-26,395.73,392.23,400.46
2015-02-27,405.17,402.18,405.42
2015-03-02,404.02,402.35,404.26
2015-03-03,407.99,407.65,408.39
2015-03-04,412.93,408.38,412.96
2015-03-05,412.18,410.3,413.67
2015-03-06,408.23,407.07,409.75
2015-03-09,406.11,403.7,407.65
2015-03-10,406.32,401.76,406.48
2015-03-11,404.77,402.4,407.01
2015-03-12,402.24,397.75,403.89
2015-03-13,400.68,394.92,402.66
2015-03-16,411.1,408.5,413.37
2015-03-17,406.81,401.47,412.4
2015-03-18,405.25,400.44,405.46
2015-03-19,403.69,401.59,406.84
2015-03-20,407.77,406.22,407.99
2015-03-23,409.75,408.49,410.89
2015-03-24,403.27,400.75,406.62
2015-03-25,397.46,396.31,398.34
2015-03-26,392.54,388.01,398.91
2015-03-27,386.08,385.39,386.54
2015-03-30,387.17,387.13,387.23
2015-03-31,388.91,385.4,390.55
2015-04-01,385.67,384.41,387.12
2015-04-02,384.57,383.09,384.88
2015-04-06,380.72,378.56,381.7
2015-04-07,384.84,383.41,385.56
2015-04-08,377.69,374.64,381.5
2015-04-09,373.96,371.96,375.58
2015-04-10,361.89,358.96,363.81
2015-04-13,379.25,377.11,379.35
2015-04-14,374.16,373.32,374.89
2015-04-15,369.38,365.77,370.15
2015-04-16,363.25,358.42,363.51
2015-04-17,368,364.97,370.64
2015-04-20,368.42,364.72,373.82
2015-04-21,366.55,366.13,367
2015-04-22,364.45,362.43,366.45
2015-04-23,353.64,351.89,355.8
2015-04-24,346.02,341.28,351.43
2015-04-27,353.54,349.37,353.68
2015-04-28,337.66,334.89,340.94
2015-04-29,343.34,338.36,345.79
2015-04-30,349.5,344.95,352.37
2015-05-01,349.68,348.88,349.7
2015-05-04,349.86,347.77,352.51
2015-05-05,354.64,349.64,362.01
2015-05-06,359.43,356.37,363.69
2015-05-07,365.38,361.5,370.97
2015-05-08,336.89,333.34,340.6
2015-05-11,294.73,294.25,295.05
2015-05-12,290.31,286.02,290.74
2015-05-13,312.18,309.09,313.01
2015-05-14,315.58,311.98,316.56
2015-05-15,319.94,317.63,322.01
2015-05-18,319.53,315.62,324.18
2015-05-19,315.17,311.43,316.53
2015-05-20,318.02,313.45,318.17
2015-05-21,324.32,320.13,324.62
2015-05-22,321.99,318.38,326.88
2015-05-26,317.17,316.74,317.68
2015-05-27,324.83,321.45,327.6
2015-05-28,330.76,328.09,333.59
2015-05-29,329.97,328.38,330.58
2015-06-01,325.71,323.21,327.52
2015-06-02,328.39,323.47,330.65
2015-06-03,328.56,327.31,328.93
2015-06-04,329.11,324.77,332.47
2015-06-05,329.28,326.01,333.49
2015-06-08,318.65,316.69,318.74
2015-06-09,324.41,320.34,328.34
2015-06-10,332.3,329.77,333.26
2015-06-11,332.47,330.44,332.95
2015-06-12,323.17,320.72,324.87
2015-06-15,325.86,324.67,327.03
2015-06-16,324.48,321.1,328.24
2015-06-17,325.42,323.06,326.94
2015-06-18,327.33,325.89,328.41
2015-06-19,323.43,318.99,328.68
2015-06-22,328.83,324.27,332.63
2015-06-23,331.14,326.69,336.49
2015-06-24,324.32,323.05,326.02
2015-06-25,327.4,326.32,327.88
2015-06-26,322.91,321.21,323.74
2015-06-29,325.6,323.38,327.03
2015-06-30,320.52,320.25,320.82
2015-07-01,317.96,315.44,319.65
2015-07-02,312.09,311.38,312.66
2015-07-06,308.74,304.53,313.18
2015-07-07,313,310.24,313.92
2015-07-08,317.06,315.79,317.08
2015-07-09,315.86,314.72,316.59
2015-07-10,313.68,312.11,315.35
2015-07-13,313.06,309.29,313.17
2015-07-14,313.81,309.63,316.54
2015-07-15,321.79,318.52,326.1
2015-07-16,324.3,321.48,328.03
2015-07-17,326.43,325.96,327.02
2015-07-20,321.31,320.36,322.04
2015-07-21,311.48,307.47,316.89
2015-07-22,312.23,310.24,313.96
2015-07-23,312.4,311.36,312.46
2015-07-24,311.58,310.78,312.24
2015-07-27,303.69,300.19,308.58
2015-07-28,299.72,296.31,304.01
2015-07-29,296.34,293.04,298.23
2015-07-30,282.53,279.43,286.15
2015-07-31,274.02,270.39,277.78
2015-08-03,278.49,278.26,278.63
2015-08-04,289.66,288.18,291.85
2015-08-05,300.65,298.19,301.47
2015-08-06,300.02,295.99,301.94
2015-08-07,300.96,297.69,301.89
2015-08-10,305.07,303.07,307.85
2015-08-11,303.05,301.75,303.9
2015-08-12,291.55,288.05,293.73
2015-08-13,297.63,297.37,297.8
2015-08-14,300.16,297.62,302.86
2015-08-17,297.94,295.93,298.64
2015-08-18,302.25,301.03,302.43
2015-08-19,307.42,306.91,308.16
2015-08-20,307.58,303.31,312.26
2015-08-21,312.73,311.73,313.24
2015-08-24,306.87,306.09,308.01
2015-08-25,339.27,336.88,342.15
2015-08-26,338.28,338.07,338.58
2015-08-27,336.52,335.45,336.99
2015-08-28,355.3,352.89,355.95
2015-08-31,364.52,362.82,366.85
2015-09-01,340.84,337.26,342.32
2015-09-02,339.16,337.27,341.24
2015-09-03,345.12,340.21,351.21
2015-09-04,345.29,344.63,345.59
2015-09-08,345.47,344.44,346.76
2015-09-09,336.64,334.43,339.29
2015-09-10,329.25,326.21,332.87
2015-09-11,329.42,326.04,333.44
2015-09-14,333.74,333.04,334.24
2015-09-15,328.54,325.12,332.11
2015-09-16,322.12,320.29,324.32
2015-09-17,321.23,320.19,321.64
2015-09-18,313.51,312.84,314.21
2015-09-21,319.84,319.32,320.09
2015-09-22,317.04,316.08,317.92
2015-09-23,310.54,308.81,311.75
2015-09-24,310.21,309.06,311.06
2015-09-25,309.87,306.44,310.09
2015-09-28,303.6,301.54,305.29
2015-09-29,305.25,302.54,305.34
2015-09-30,312.09,309.71,312.33
2015-10-01,321.91,321.8,322.03
2015-10-02,334.71,330.93,340.31
2015-10-05,333.65,331.64,334.4
2015-10-06,328.86,328.63,328.96
2015-10-07,333.5,329.33,334.79
2015-10-08,332.68,332.19,332.97
2015-10-09,335.58,335.36,335.67
2015-10-12,330.78,329.68,330.9
2015-10-13,324.74,323.68,325.33
2015-10-14,337.35,332.62,343.31
2015-10-15,329.3,327.43,330.36
2015-10-16,324.49,322.86,324.73
2015-10-19,349.58,347.15,351
2015-10-20,390.41,385.09,392.05
2015-10-21,380.63,375.86,386.37
2015-10-22,382.33,380.81,383.7
2015-10-23,382.52,382.37,382.66
2015-10-26,383.22,382.03,383.48
2015-10-27,381.17,375.56,389.13
2015-10-28,376.12,372.26,381.41
2015-10-29,386.57,383,388.96
2015-10-30,392.53,392.2,392.85
2015-11-02,393.48,388.68,394.01
2015-11-03,384.91,383.49,385.99
2015-11-04,378.84,373.67,383.76
2015-11-05,382.8,378.41,384.26
2015-11-06,381.5,378.74,383.14
2015-11-09,383.2,379.91,386.03
2015-11-10,384.4,379.49,390.81
2015-11-11,384.35,381.46,387.96
2015-11-12,387.57,383.95,392.47
2015-11-13,386.01,384.8,386.45
2015-11-16,378.65,374.06,379.69
2015-11-17,381.95,379.04,385.69
2015-11-18,375.69,370.47,378.2
2015-11-19,369.53,367.73,370.14
2015-11-20,388.54,383.64,391.71
2015-11-23,391.03,390.84,391.08
2015-11-24,388.17,388.14,388.18
2015-11-25,392.71,389.41,396.04
2015-11-27,394.69,394.21,394.97
2015-11-30,392.09,389.92,392.14
2015-12-01,391.53,385.91,397.29
2015-12-02,393.01,388.09,397.18
2015-12-03,393.72,388.09,399.88
2015-12-04,387.28,385.52,387.88
2015-12-07,383.39,382.09,384.68
2015-12-08,393.06,393.02,393.08
2015-12-09,394.28,389.11,401.6
2015-12-10,404.22,398.2,409.46
2015-12-11,401.09,400.95,401.23
2015-12-14,403.86,399.67,407.83
2015-12-15,407.41,404.27,411.89
2015-12-16,408.13,406.04,409.55
2015-12-17,405.78,404.44,407.26
2015-12-18,400.85,399.57,401.28
2015-12-21,405.68,403.27,406.17
2015-12-22,397.15,395.29,399.75
2015-12-23,386.04,383.69,387.18
2015-12-24,386.49,384.71,387.64
2015-12-28,389.01,388.81,389.29
2015-12-29,394.37,392.8,395.44
2015-12-30,390.13,387.13,392.55
2015-12-31,387.17,381.84,388.72
2016-01-04,366.03,362.26,370.5
2016-01-05,365.49,363.6,368.31
2016-01-06,363.23,362.72,363.67
2016-01-07,367.83,365.28,368.84
2016-01-08,367.22,362.46,369.36
2016-01-11,365.42,364.38,365.72
2016-01-12,361.74,357.73,366.79
2016-01-13,354.67,351.6,355.2
2016-01-14,352.43,352.03,352.86
2016-01-15,346.08,343.76,346.25
2016-01-19,346.06,341.73,349.71
2016-01-20,348.12,347.76,348.6
2016-01-21,349.53,346.16,349.85
2016-01-22,353.72,350.73,357.28
2016-01-25,347.62,342.53,348.06
2016-01-26,347.84,343.71,348.1
2016-01-27,357.44,356.4,358.93
2016-01-28,372.46,369.49,373.72
2016-01-29,366.22,361.5,370.68
2016-02-01,375.46,370.9,379.28
2016-02-02,380.28,376.63,383.14
2016-02-03,374.1,370.54,374.91
2016-02-04,378.37,372.94,379.43
2016-02-05,387.56,383.73,387.89
2016-02-08,387.36,384.6,388.62
2016-02-09,389.23,386.19,390.91
2016-02-10,387.68,383.94,390.17
2016-02-11,387.8,383.44,388.76
2016-02-12,387.77,384.29,391.44
2016-02-16,385.94,380.74,393.54
2016-02-17,376.45,372.68,380.9
2016-02-18,375.73,370.82,381.13
2016-02-19,376.72,374.5,377.35
2016-02-22,388.45,386.39,391.31
2016-02-23,394.71,391.31,398.49
2016-02-24,390.93,388.82,393.57
2016-02-25,397.9,392.94,401.12
2016-02-26,395.64,394.14,397.82
2016-02-29,394.69,393.53,395.12
2016-03-01,392.73,388.63,394.29
2016-03-02,380.16,378.5,381.35
2016-03-03,379.03,376.6,381.19
2016-03-04,381.43,376.65,386.16
2016-03-07,379.07,373.44,382.98
2016-03-08,381.38,375.92,382.08
2016-03-09,378.7,374.34,385.22
2016-03-10,381.7,377.46,386.02
2016-03-11,384.82,380.02,388.44
2016-03-14,386.46,384.37,388.06
2016-03-15,384.74,382.11,385.1
2016-03-16,387.91,383.99,389.04
2016-03-17,386.38,382.72,388.62
2016-03-18,384.53,379.46,384.92
2016-03-21,377.65,376.32,377.95
2016-03-22,374.91,373.49,375.89
2016-03-23,380.9,380.07,381.25
2016-03-24,380.7,379.13,381.07
2016-03-28,385.65,381.36,386.02
2016-03-29,383.67,379.18,390.17
2016-03-30,384.19,383.78,384.29
2016-03-31,384.75,380.53,389.43
2016-04-01,397.59,395.2,398.67
2016-04-04,400.1,399.66,400.44
2016-04-05,409.64,407.15,412.18
2016-04-06,408.48,407.16,408.63
2016-04-07,412.49,407.06,415.58
2016-04-08,417.49,415.37,418.58
2016-04-11,416.73,414.91,416.97
2016-04-12,412.73,409.19,414.88
2016-04-13,410.59,406.81,412.02
2016-04-14,410.8,409.24,412.92
2016-04-15,409.23,404.56,411.69
2016-04-18,406.68,401.96,411.56
2016-04-19,405.1,401.52,409.96
2016-04-20,415.64,414.11,417.76
2016-04-21,411.3,407.43,415.31
2016-04-22,409.72,407.14,412.11
2016-04-25,408.14,403.88,411.38
2016-04-26,412.26,410.14,412.28
2016-04-27,414.27,409.68,419.22
2016-04-28,407.72,406.82,408.59
2016-04-29,401.85,400.05,403.94
2016-05-02,396.87,391.98,402.85
2016-05-03,390.34,390.29,390.35
2016-05-04,391.44,388.83,395.16
2016-05-05,393.2,391.16,395.05
2016-05-06,389.92,389.4,390.09
2016-05-09,388.81,388.28,389.59
2016-05-10,384.92,383.59,385.8
2016-05-11,382.33,376.83,382.84
2016-05-12,377.86,376.3,378.28
2016-05-13,371.86,370,374.27
2016-05-16,377.72,373.33,378.2
2016-05-17,383.41,383.1,383.87
2016-05-18,386.98,381.43,391.94
2016-05-19,383.89,380.58,386.14
2016-05-20,383.8,381.23,384.8
2016-05-23,393.92,393.42,394.4
2016-05-24,405.77,402.57,408.3
2016-05-25,420.22,419.99,420.23
2016-05-26,430.91,427.25,431.5
2016-05-27,432.37,428.66,436.93
2016-05-31,431.85,428.05,435.29
2016-06-01,439.99,437.25,441.98
2016-06-02,437.66,436.1,439.46
2016-06-03,433.34,431.27,435.5
2016-06-06,432.33,430.15,434.52
2016-06-07,427.59,426.2,427.96
2016-06-08,428.31,427.07,429.5
2016-06-09,422.74,418.22,425.55
2016-06-10,423.45,420.77,423.55
2016-06-13,407.26,402.98,408.64
2016-06-14,411.25,407.19,413.37
2016-06-15,418.92,416.06,419.22
2016-06-16,410.61,409.82,410.63
2016-06-17,405.8,400.83,411.27
2016-06-20,403.49,400.13,405.09
2016-06-21,412.32,407.51,413.63
2016-06-22,411.49,405.62,415.27
2016-06-23,404.78,399.41,408.72
2016-06-24,410.22,404.75,414.37
2016-06-27,404.29,402.82,404.92
2016-06-28,403.17,397.4,404.27
2016-06-29,404.64,403.01,405.39
2016-06-30,404.81,402.7,407.18
2016-07-01,401.47,395.76,408.4
2016-07-05,401.01,399.92,401.34
2016-07-06,401.7,399.63,404.2
2016-07-07,404.59,402.44,407.77
2016-07-08,401.07,395.31,404.3
2016-07-11,404.72,401.37,407.26
2016-07-12,400.93,397.67,401.78
2016-07-13,398.15,396.63,399.26
2016-07-14,396.61,395.9,397.19
2016-07-15,388.18,383.09,388.99
2016-07-18,381.41,376.38,386.43
2016-07-19,382.82,382.66,383.03
2016-07-20,362.72,359.33,366.05
2016-07-21,357.51,357.49,357.51
2016-07-22,366.82,361.69,373.49
2016-07-25,364.99,363.08,367.09
2016-07-26,357.3,357.27,357.36
2016-07-27,352.26,349.68,354.45
2016-07-28,359.38,358.56,359.53
2016-07-29,355.48,351.28,355.99
2016-08-01,356.32,356.27,356.34
2016-08-02,363.78,363.61,363.86
2016-08-03,373.01,372.89,373.02
2016-08-04,374.91,373,377.54
2016-08-05,372.01,371.74,372.11
2016-08-08,373.26,370.94,375.77
2016-08-09,375.65,374.88,376.37
2016-08-10,377.7,375.64,380.49
2016-08-11,380.7,378.34,382.21
2016-08-12,375.11,370.48,378.12
2016-08-15,376.14,373.05,379.14
2016-08-16,366.18,366.17,366.18
2016-08-17,372.44,371.63,372.9
2016-08-18,390.29,389.14,391.74
2016-08-19,386.31,384.73,388.28
2016-08-22,381.12,377.98,381.98
2016-08-23,367.67,364.42,370.22
2016-08-24,359.83,357.97,361.45
2016-08-25,367.96,364.94,368.13
2016-08-26,366.6,363.18,367.75
2016-08-29,369.37,367.3,371.18
2016-08-30,367.23,365.12,369.87
2016-08-31,360.58,355.65,364.44
2016-09-01,356.09,355.33,356.85
2016-09-02,365.71,365.38,366.15
2016-09-06,374.09,372.89,375.13
2016-09-07,366.09,366.01,366.1
2016-09-08,368.1,366.01,371.03
2016-09-09,373.2,372.97,373.53
2016-09-12,372.62,372.22,372.7
2016-09-13,372.63,372.03,372.74
2016-09-14,376.08,372.74,377.38
2016-09-15,368.83,367.37,369.41
2016-09-16,364.89,363.37,367.01
2016-09-19,352.27,349.36,355.56
2016-09-20,347.34,346.44,347.49
2016-09-21,346.41,344.61,347.93
2016-09-22,352.39,349.96,354.77
2016-09-23,357.48,355.12,360.41
2016-09-26,360.86,357.45,360.9
2016-09-27,352.02,348.18,353.35
2016-09-28,343.47,341.98,344.38
2016-09-29,349.6,345.46,353.91
2016-09-30,336.6,333.42,341.19
2016-10-03,341.08,339.17,342.52
2016-10-04,341.55,338.03,342.95
2016-10-05,350.51,347.71,351.07
2016-10-06,343.93,342.47,344.73
2016-10-07,343.18,341.91,343.22
2016-10-10,355.72,352.36,357.97
2016-10-11,359.57,357.57,362.31
2016-10-12,366.29,364.02,369.48
2016-10-13,365.5,364.52,366.31
2016-10-14,353.48,348.83,356.76
2016-10-17,353.34,351.03,353.62
2016-10-18,339.5,335.88,343.98
2016-10-19,338.91,333.86,346.15
2016-10-20,349.04,348.2,349.24
2016-10-21,347.44,346.84,347.82
2016-10-24,361.27,358.47,362.06
2016-10-25,359.85,357.96,361.47
2016-10-26,359.83,355.24,360.8
2016-10-27,360.48,359.52,361.08
2016-10-28,371.38,369.16,373.45
2016-10-31,372.59,369.08,372.8
2016-11-01,370.7,367.51,373.76
2016-11-02,380.1,376.35,380.59
2016-11-03,379.84,379.47,380.18
2016-11-04,394.66,390.12,400.02
2016-11-07,394.34,390.52,395.01
2016-11-08,405.25,399.27,413.76
2016-11-09,419.38,417.44,421.18
2016-11-10,417.75,413.34,418.94
2016-11-11,422.07,420.04,423.76
2016-11-14,420.1,415.07,421.42
2016-11-15,428.01,423.05,428.22
2016-11-16,424.08,421.99,426.39
2016-11-17,431.75,427,434.76
2016-11-18,439.79,436.26,442.09
2016-11-21,380.15,377.99,380.79
2016-11-22,379.05,373.94,379.8
2016-11-23,392.09,389.8,394.01
2016-11-25,403.09,400.69,404
2016-11-28,402.22,397.55,407.66
2016-11-29,389.51,388.93,390.05
2016-11-30,390.52,389.98,390.87
2016-12-01,380.69,377.95,381.75
2016-12-02,384.94,384.78,385.17
2016-12-05,389.59,387.1,391.97
2016-12-06,397.94,395.56,399.76
2016-12-07,392.65,388.39,394.89
2016-12-08,382.83,381.65,383.79
2016-12-09,393.04,387.94,396.08
2016-12-12,367.52,364.27,369.72
2016-12-13,361.05,360.68,361.34
2016-12-14,368.44,364.67,372.85
2016-12-15,380.17,377.22,380.73
2016-12-16,378.74,376.82,380.89
2016-12-19,370.5,366.95,371.44
2016-12-20,372.91,367.46,378.82
2016-12-21,355.06,352.77,355.64
2016-12-22,361.29,359.11,364.14
2016-12-23,359.93,359.29,360.15
2016-12-27,362.65,361.48,363.07
2016-12-28,373.14,368.41,374.23
2016-12-29,379.89,377.06,382.99
2016-12-30,379.08,376.97,379.69
2017-01-03,371.98,368.54,374.25
2017-01-04,387.17,382.38,389.08
2017-01-05,383.78,381.08,384.16
2017-01-06,391.3,388.14,391.4
2017-01-09,397.84,397.14,398.84
2017-01-10,417.57,417.19,417.6
2017-01-11,415.71,411.15,420.3
2017-01-12,414.79,414.36,415.35
2017-01-13,410.96,408.72,413.04
2017-01-17,414.52,411.81,415.43
2017-01-18,412.54,407.59,415.49
2017-01-19,418.02,413.8,419.8
2017-01-20,408.1,402.77,415.34
2017-01-23,409.34,405.84,413.93
2017-01-24,378.98,374.34,384.5
2017-01-25,388.49,382.7,396.24
2017-01-26,412.24,410.9,413.23
2017-01-27,411.72,410.04,412.81
2017-01-30,409.79,407.23,410.66
2017-01-31,416.5,411.43,418.53
2017-02-01,414.06,407.9,419.83
2017-02-02,397.08,394.28,400.16
2017-02-03,394.56,391.72,395.04
2017-02-06,405.48,401.05,405.77
2017-02-07,409.67,405.87,414.89
2017-02-08,417.53,415.99,419.44
2017-02-09,418.1,417.48,418.3
2017-02-10,423.7,418.49,427.11
2017-02-13,439.42,436.79,442.26
2017-02-14,441.24,437.38,441.31
2017-02-15,444.65,443.18,446.56
2017-02-16,448.68,446.9,450.84
2017-02-17,440.31,439.76,440.72
2017-02-21,434.63,431.18,439.13
2017-02-22,438.42,436.44,440.88
2017-02-23,437.1,436.87,437.24
2017-02-24,439.76,439.06,440.19
2017-02-27,481.73,476.43,484.02
2017-02-28,481.36,474.58,487.9
2017-03-01,464.74,457.82,470.71
2017-03-02,463.2,456.62,467.07
2017-03-03,463.3,460.48,465.22
2017-03-06,461.18,455.98,464.27
2017-03-07,467.54,461.04,469.12
2017-03-08,467.41,464.53,469.36
2017-03-09,481.44,480.51,481.97
2017-03-10,494.9,489.34,498
2017-03-13,497.52,494.38,498.78
2017-03-14,509.51,506.11,512.11
2017-03-15,516.92,509.18,526.1
2017-03-16,511.54,511.49,511.58
2017-03-17,516.59,512.09,518.65
2017-03-20,521.03,520.73,521.47
2017-03-21,518.08,510.5,519.52
2017-03-22,532.45,524.67,540.11
2017-03-23,521.92,517.25,526.43
2017-03-24,526.05,521.32,529.9
2017-03-27,494.02,493.05,494.89
2017-03-28,499.17,495.54,503.57
2017-03-29,488.42,486.35,489.91
2017-03-30,473.3,470.17,475.27
2017-03-31,500.85,500.39,500.88
2017-04-03,528.34,523.16,528.38
2017-04-04,529.23,522.36,530.35
2017-04-05,534.52,531.2,537.46
2017-04-06,544.96,538.56,547.4
2017-04-07,548.86,541.72,555.99
2017-04-10,528.82,525.19,533.2
2017-04-11,544.96,538.91,552.48
2017-04-12,547.8,545.06,550.93
2017-04-13,550.08,545.35,552.14
2017-04-17,479.01,475.62,480.93
2017-04-18,473.97,473.68,474.3
2017-04-19,456.25,449.99,462.77
2017-04-20,462.7,458.93,463.44
2017-04-21,471.72,470.28,473.41
2017-04-24,470.91,468.29,472.03
2017-04-25,472.87,469.52,475.95
2017-04-26,491.1,485.72,492.9
2017-04-27,488.57,486.97,489.34
2017-04-28,497.08,495.41,497.97
2017-05-01,498.42,494.38,502.14
2017-05-02,512.15,512.14,512.16
2017-05-03,505.84,500.72,505.84
2017-05-04,490.62,487.54,492.25
2017-05-05,488.14,480.91,488.31
2017-05-08,499.63,495.21,505.35
2017-05-09,498.24,497.76,498.89
2017-05-10,492.69,488.13,495.31
2017-05-11,485.91,480.28,490
2017-05-12,492.73,488.94,496.77
2017-05-15,489.4,485.54,493.49
2017-05-16,484.72,480.07,489.19
2017-05-17,466.82,462.62,472.21
2017-05-18,472.64,471.29,472.79
2017-05-19,479.4,475.92,483.46
2017-05-22,478.19,477.81,478.28
2017-05-23,505.53,500.26,511.68
2017-05-24,514.05,507.93,516.46
2017-05-25,474,467.44,476.59
2017-05-26,459.08,454.07,462.72
2017-05-30,445.13,441.3,445.32
2017-05-31,444.87,439.51,445.55
2017-06-01,445.67,439.84,450.1
2017-06-02,458.06,457.71,458.57
2017-06-05,469.23,465.73,472.45
2017-06-06,457.28,453.68,460.42
2017-06-07,466.55,465.57,467.74
2017-06-08,468.41,463.34,474.69
2017-06-09,445.18,443.69,446.92
2017-06-12,435.81,432.48,437.27
2017-06-13,432.77,431.07,434.81
2017-06-14,442.91,442.87,442.97
2017-06-15,443.82,439.67,447.67
2017-06-16,428.68,424.58,431.71
2017-06-19,422.24,417.27,427.5
2017-06-20,434.38,428.37,437.34
2017-06-21,446.05,440.14,454.17
2017-06-22,452.43,445.73,455.63
2017-06-23,454.68,449.15,460.55
2017-06-26,470.06,469.94,470.15
2017-06-27,464.94,461.32,465.83
2017-06-28,474.82,473.88,476.03
2017-06-29,435.97,430.9,439.11
2017-06-30,447.88,441.65,448.12
2017-07-03,445.25,443.06,448.48
2017-07-05,444.03,442.71,445.62
2017-07-06,450.37,445.96,453.8
2017-07-07,438.14,437.33,438.35
2017-07-10,437.19,431.09,445.85
2017-07-11,435.26,432.73,437.76
2017-07-12,446.89,445.73,447.16
2017-07-13,443.64,439.1,448.66
2017-07-14,447.19,443.24,448.5
2017-07-17,430.22,430.13,430.32
2017-07-18,432.33,430.47,433.14
2017-07-19,423.97,417.62,429.71
2017-07-20,406.11,400.72,409.65
2017-07-21,385.84,383.14,388.94
2017-07-24,396.42,394.7,397.37
2017-07-25,392.06,388.18,396.58
2017-07-26,384.58,383.33,385.28
2017-07-27,401.36,396.07,409.26
2017-07-28,419.54,418.77,419.56
2017-07-31,420.27,417.32,423.83
2017-08-01,406.86,402.67,413.03
2017-08-02,403.41,399.46,405.09
2017-08-03,398.91,396.02,400.05
2017-08-04,395.06,393.07,397.56
2017-08-07,374.63,370.32,378.07
2017-08-08,383.57,382.08,384.66
2017-08-09,383.17,380.47,383.85
2017-08-10,377.39,372.09,384.45
2017-08-11,348.99,346.04,350.46
2017-08-14,339.8,335.13,342.84
2017-08-15,339.51,335.02,340.86
2017-08-16,319.24,314.83,324.12
2017-08-17,323.98,321.93,324.58
2017-08-18,316.09,312.7,317.6
2017-08-21,313.05,312.2,313.06
2017-08-22,323.01,320.18,325.72
2017-08-23,324.19,323.84,324.23
2017-08-24,334.84,334.61,334.91
2017-08-25,330.61,327.78,332.1
2017-08-28,331.46,327.1,335.17
2017-08-29,350.93,349.43,352.45
2017-08-30,351.11,348.1,352.83
2017-08-31,354.34,350.5,357.15
2017-09-01,344.69,343.15,345.62
2017-09-05,359.46,358.44,360.84
2017-09-06,357.27,354.98,358.21
2017-09-07,356.44,352.12,361.74
2017-09-08,360.36,355.37,362.52
2017-09-11,348.99,348.23,348.99
2017-09-12,345.42,344.81,346.31
2017-09-13,335.73,334.58,336.69
2017-09-14,334.45,332.01,336.89
2017-09-15,346.16,345.67,346.62
2017-09-18,350.29,346.24,354.54
2017-09-19,350.12,347.16,353.05
2017-09-20,341.66,336.57,343.98
2017-09-21,336.44,336.36,336.52
2017-09-22,351.38,346.18,353.35
2017-09-25,356.25,352.92,358.6
2017-09-26,346.33,344,348.03
2017-09-27,342.55,341.76,342.93
2017-09-28,344.89,344.03,345.01
2017-09-29,345.07,340.12,348.25
2017-10-02,295.87,295.2,296.54
2017-10-03,326.41,323.6,328.48
2017-10-04,323.27,320.37,323.54
2017-10-05,325.2,321.32,329.08
2017-10-06,321.14,319.32,321.64
2017-10-09,319.06,317.01,320.88
2017-10-10,309.56,306.7,311.78
2017-10-11,305.22,304.28,305.3
2017-10-12,303.47,303.43,303.51
2017-10-13,300.2,298.48,301.96
2017-10-16,300.42,297.12,300.84
2017-10-17,302.13,299.59,302.62
2017-10-18,303.83,301.5,306.98
2017-10-19,307.12,306.07,308.35
2017-10-20,321.05,317.39,326.38
2017-10-23,317.77,317.61,317.88
2017-10-24,321.39,317.26,324.26
2017-10-25,321.55,319.7,322.98
2017-10-26,302.27,301.76,302.57
2017-10-27,295.52,294.89,296.13
2017-10-30,292.22,291.11,292.43
2017-10-31,284.51,284.21,284.8
2017-11-01,284.35,280.23,290.06
2017-11-02,274.11,271.06,275.98
2017-11-03,266.07,263.8,267.34
2017-11-06,260.54,259.27,261.68
2017-11-07,258.47,254.6,258.54
2017-11-08,263.02,261.11,263.08
2017-11-09,254.64,250.97,256.76
2017-11-10,260.14,259.85,260.53
2017-11-13,247.96,244.66,248.02
2017-11-14,258.19,255.37,262.08
2017-11-15,248.22,247.19,249.41
2017-11-16,244.55,242.86,246.23
2017-11-17,241.51,239.21,243.69
2017-11-20,247.65,246.33,248.92
2017-11-21,239.55,237.81,240.62
2017-11-22,239.67,239.46,239.79
2017-11-24,250.89,249.08,251.92
2017-11-27,257.68,255.94,259.9
2017-11-28,261.94,260.05,262.7
2017-11-29,251.91,248.68,256.23
2017-11-30,250.46,249.9,251.22
2017-12-01,256.94,254.06,258.17
2017-12-04,248.81,247.81,249.13
2017-12-05,239.07,237.1,241.47
2017-12-06,238.24,237.64,238.66
2017-12-07,245.37,243.86,246.37
2017-12-08,252.19,249.26,253.94
2017-12-11,256.78,254.39,258.72
2017-12-12,248.62,247.69,249.1
2017-12-13,247.48,246.95,247.51
2017-12-14,239.62,237.99,240.39
2017-12-15,232.08,228.64,233.39
2017-12-18,226.44,223.52,229.72
2017-12-19,226.56,223.59,229.7
2017-12-20,220.6,219.69,221.37
2017-12-21,232.56,229.52,236.92
2017-12-22,248.37,247.69,249.27
2017-12-26,256.19,254.62,258.35
2017-12-27,256.97,255.72,257.86
2017-12-28,261.27,258.14,265.66
2017-12-29,259.16,257.69,259.3
2018-01-02,272.46,270.21,272.58
2018-01-03,256.22,253.72,259
2018-01-04,262.46,260.03,263.95
2018-01-05,262.59,261.36,264.32
2018-01-08,257.9,255.19,259.89
2018-01-09,258.36,256,261.25
2018-01-10,245.93,242.65,249.54
2018-01-11,250.89,247.2,251.15
2018-01-12,268.75,268.02,269.35
2018-01-16,271.35,270.79,271.74
2018-01-17,268.88,267.83,270.14
2018-01-18,268.86,268.15,269.09
2018-01-19,270.46,268.62,271.83
2018-01-22,264.83,262.77,267.77
2018-01-23,262.51,262.4,262.54
2018-01-24,288.22,285.81,289.72
2018-01-25,292.53,289.29,296.84
2018-01-26,291.98,289.1,294.13
2018-01-29,288.12,287.7,288.33
2018-01-30,287.58,283.6,289.29
2018-01-31,282.63,279.82,284.13
2018-02-01,293.82,291.4,295.68
2018-02-02,270.71,269.42,271.29
2018-02-05,266.83,265.81,267.49
2018-02-06,256.67,253.29,258.49
2018-02-07,251.46,250,253.4
2018-02-08,256.47,254.44,257.94
2018-02-09,259.32,256.73,259.76
2018-02-12,260.62,258.6,262.62
2018-02-13,250.35,247.58,254.31
2018-02-14,250.41,248.11,251.34
2018-02-15,253.8,251.95,256.02
2018-02-16,257.81,254.18,260.99
2018-02-20,257.95,254.63,260.65
2018-02-21,248.59,248.44,248.81
2018-02-22,247.79,246.66,248.77
2018-02-23,256.4,254.58,257.98
2018-02-26,261.05,258.09,264.79
2018-02-27,260.02,256.65,264.85
2018-02-28,258.52,255.08,262.16
2018-03-01,263.72,262.67,263.91
2018-03-02,265.11,264.25,265.43
2018-03-05,253.68,253.2,253.91
2018-03-06,248.89,245.78,250.88
2018-03-07,254.02,250.92,257.24
2018-03-08,236.32,236.07,236.6
2018-03-09,235.42,235.13,235.85
2018-03-12,258.26,254.62,261.85
2018-03-13,252.83,249.54,255.18
2018-03-14,235.79,233.83,237.52
2018-03-15,230.97,230.49,230.99
2018-03-16,229.13,225.83,233.19
2018-03-19,224.46,222.67,226.59
2018-03-20,216.64,216.62,216.64
2018-03-21,226.26,225.69,226.78
2018-03-22,242.34,240.7,244.31
2018-03-23,244.2,242.84,244.8
2018-03-26,238.5,235.62,239.15
2018-03-27,234.92,231.53,236.21
2018-03-28,249.86,247.01,251.09
2018-03-29,239.9,239.8,239.92
2018-04-02,232.84,230.63,235.91
2018-04-03,222.31,221.21,223.62
2018-04-04,220.29,217.32,224.59
2018-04-05,220.64,219.44,222.07
2018-04-06,231.11,227.7,232.95
2018-04-09,228.94,228.28,229.07
2018-04-10,238.15,237.16,238.73
2018-04-11,230.68,229.05,232.12
2018-04-12,235.07,233.54,237.24
2018-04-13,236.07,233.01,236.45
2018-04-16,233.18,230.19,235.13
2018-04-17,237.42,236.69,237.74
2018-04-18,252.87,252.05,253.25
2018-04-19,254.98,251.35,257.04
2018-04-20,268.54,265.32,271.45
2018-04-23,256.04,253.68,258.41
2018-04-24,268.9,267.12,269.42
2018-04-25,263.63,260.8,265.82
2018-04-26,251.82,251.62,251.9
2018-04-27,254.74,252.85,256.4
2018-04-30,250.49,249.11,251
2018-05-01,249.66,248.48,250.65
2018-05-02,242.69,239.8,246.08
2018-05-03,244.89,243.76,245.66
2018-05-04,249.57,249.26,249.59
2018-05-07,247.78,246.85,248.94
2018-05-08,251.91,251.39,252.17
2018-05-09,250.28,247.12,252.33
2018-05-10,252.33,249.37,254.98
2018-05-11,261.99,258.54,265.4
2018-05-14,274.54,272.08,274.95
2018-05-15,288.39,284.46,292.67
2018-05-16,267.61,266.29,268.21
2018-05-17,258.12,256.56,260.18
2018-05-18,259.21,258.67,259.87
2018-05-21,255.49,254,257.67
2018-05-22,246.54,243.08,247.1
2018-05-23,240.08,237.36,243.5
2018-05-24,233.04,232.34,233.74
2018-05-25,226.56,223.73,229.95
2018-05-29,237.79,234.37,238.59
2018-05-30,220.51,220.21,220.77
2018-05-31,221.19,220.44,221.42
2018-06-01,211.86,210.49,212.19
2018-06-04,210.76,210.75,210.77
2018-06-05,220.32,218.82,221.99
2018-06-06,228.51,228.46,228.56
2018-06-07,244.64,242.96,245.23
2018-06-08,244.59,241.37,245.69
2018-06-11,251.03,248.72,253.5
2018-06-12,251.16,249.93,251.51
2018-06-13,251.97,248.52,253.63
2018-06-14,255.18,254.35,255.43
2018-06-15,251.89,251.05,252.34
2018-06-18,252.19,249.13,253.45
2018-06-19,253.01,250.27,253.21
2018-06-20,251.77,248.2,255.24
2018-06-21,254.47,251.12,254.62
2018-06-22,256.83,254.53,257.98
2018-06-25,254.22,253.39,255.22
2018-06-26,255.38,251.87,258.03
2018-06-27,254.82,253.93,255.6
2018-06-28,255.99,252.19,257.63
2018-06-29,256.98,253.22,260.62
2018-07-02,257.8,256.47,258.05
2018-07-03,256.73,255.66,257.85
2018-07-05,259.96,256.4,261.53
2018-07-06,260.26,257.73,261.72
2018-07-09,260.4,257.85,262.52
2018-07-10,260.19,258.46,260.42
2018-07-11,259.63,256.97,262.55
2018-07-12,259.25,257.7,260.73
2018-07-13,261.97,260.38,262.57
2018-07-16,260.04,256.71,261.11
2018-07-17,255.33,254.91,255.73
2018-07-18,254.08,252.58,255.25
2018-07-19,253.18,252.48,253.92
2018-07-20,253.65,252.58,254.67
2018-07-23,254.65,251.01,258.71
2018-07-24,256.17,253.02,256.55
2018-07-25,255.43,252.99,257.34
2018-07-26,256.26,253.26,257.6
2018-07-27,256.22,253.25,258.54
2018-07-30,258.78,257.44,260.38
2018-07-31,258.74,258.08,258.74
2018-08-01,258.53,255.36,259.72
2018-08-02,261.44,259.65,261.88
2018-08-03,261.23,260.57,262.21
2018-08-06,262.24,260.94,263.23
2018-08-07,262.08,261.8,262.12
2018-08-08,262.19,258.58,266.4
2018-08-09,261.63,261.4,261.78
2018-08-10,261.94,260.5,263.53
2018-08-13,261.56,258.14,265.19
2018-08-14,263.08,261.12,264.96
2018-08-15,264.26,262.56,266.22
2018-08-16,267.69,266.66,269
2018-08-17,269.05,266.93,271.16
2018-08-20,271.39,268.18,272.45
2018-08-21,270.58,268.7,271.4
2018-08-22,267.99,266.01,268.95
2018-08-23,269.71,269.62,269.84
2018-08-24,272.5,271.48,273.25
2018-08-27,270.17,267.36,272.96
2018-08-28,271.54,271.17,271.68
2018-08-29,268.86,267.92,269.51
2018-08-30,265.64,264.44,267.41
2018-08-31,270.2,268.64,270.72
2018-09-04,269.45,266.13,270.66
2018-09-05,267.82,264,270.13
2018-09-06,267.07,263.25,272.14
2018-09-07,275.72,274.31,276.02
2018-09-10,283.84,280.89,286.94
2018-09-11,288.6,288.45,288.72
2018-09-12,291.41,288.05,292.06
2018-09-13,295.29,291.42,300.03
2018-09-14,298.46,297.42,298.89
2018-09-17,294,293.59,294.33
2018-09-18,292.01,287.98,294.7
2018-09-19,288.78,288.41,289.22
2018-09-20,289.11,287.48,290.84
2018-09-21,291.75,288.6,295.45
2018-09-24,298.32,295.74,299.37
2018-09-25,294.91,294.02,295.32
2018-09-26,297.38,296.73,298.31
2018-09-27,297,296.32,297.21
2018-09-28,294.83,292.88,297.04
2018-10-01,297.66,294.95,300.29
2018-10-02,296.75,294.23,300.19
2018-10-03,296.18,293.99,299.22
2018-10-04,297.95,297.35,298.2
2018-10-05,304.91,301.56,306.56
2018-10-08,307.93,304.77,310.33
2018-10-09,307.19,303.48,310.56
2018-10-10,309.68,306.2,314.21
2018-10-11,306.61,303.45,309.89
2018-10-12,309.82,306.15,313.4
2018-10-15,304.78,304.73,304.8
2018-10-16,301.16,296.8,304.76
2018-10-17,303.83,299.67,306.14
2018-10-18,301.47,300.28,302.04
2018-10-19,300.01,297.47,302.3
2018-10-22,304.48,300.21,305.87
2018-10-23,305.9,302.83,307.17
2018-10-24,305.7,302.4,307.75
2018-10-25,307.3,306.28,307.38
2018-10-26,308.91,307.79,309.98
2018-10-29,307.98,306.4,308.56
2018-10-30,293.48,292.06,293.78
2018-10-31,282.62,282.25,282.63
2018-11-01,291.16,288.79,294.67
2018-11-02,282.4,278.43,282.72
2018-11-05,285.43,282.64,289.12
2018-11-06,282.69,282.56,282.82
2018-11-07,261.41,258.02,261.88
2018-11-08,256.9,256.33,257.04
2018-11-09,269.13,268.25,270.36
2018-11-12,259.05,257.07,261.82
2018-11-13,252.47,249.79,253.33
2018-11-14,260.51,257.2,263.31
2018-11-15,255.36,254.47,255.72
2018-11-16,244.05,243.71,244.32
2018-11-19,244.87,244.11,244.99
2018-11-20,253.96,252.83,254.98
2018-11-21,258.13,256.71,259.89
2018-11-23,255.12,253.33,257.8
2018-11-26,251.6,251.43,251.61
2018-11-27,248.56,246.37,248.87
2018-11-28,247.76,247.02,247.96
2018-11-29,230.94,227.8,232.8
2018-11-30,226.44,225.02,227.55
2018-12-03,222.47,219.37,226.97
2018-12-04,229.5,227.08,232.27
2018-12-06,241.31,238.82,243.1
2018-12-07,254.81,252.73,256.94
2018-12-10,257.65,257.08,257.97
2018-12-11,263.08,260.32,266.71
2018-12-12,263.67,261.49,266.22
2018-12-13,267.21,264.86,269.45
2018-12-14,282.3,281.6,282.34
2018-12-17,283.96,279.93,286.26
2018-12-18,279.18,275.41,282.99
2018-12-19,275.61,272.88,276.31
2018-12-20,265.06,264.31,265.24
2018-12-21,266.62,266.24,267.07
2018-12-24,272.35,271.8,272.36
2018-12-26,252.77,250.89,252.86
2018-12-27,260.83,257.58,265.1
2018-12-28,257.94,256.29,259.1
2018-12-31,258.31,254.78,258.33
2019-01-02,257.23,254.02,260.37
2019-01-03,267.38,265.41,268.98
2019-01-04,284.24,283.49,284.57
2019-01-07,290.12,288.9,290.6
2019-01-08,293.31,291.26,293.47
2019-01-09,292.17,290.12,294.21
2019-01-10,300.37,300.36,300.37
2019-01-11,300.49,297.27,304.64
2019-01-14,294.23,290.41,297.28
2019-01-15,289.46,288.25,289.59
2019-01-16,286.84,282.93,292.15
2019-01-17,292.47,288.55,296.24
2019-01-18,290.37,286.4,293.12
2019-01-22,300.44,299.04,300.92
2019-01-23,303.46,299.09,309.52
2019-01-24,311.33,307.2,311.67
2019-01-25,326.3,322.08,326.68
2019-01-28,324.77,322.07,325.87
2019-01-29,323.7,320.66,327.22
2019-01-30,319.55,315.2,320.83
2019-01-31,331.46,328.05,336.47
2019-02-01,333.95,332.25,335.99
2019-02-04,333.2,331.75,333.49
2019-02-05,332.13,327.31,333.22
2019-02-06,325.64,321.32,332.05
2019-02-07,329.68,329.28,329.97
2019-02-08,328.15,325.59,331.22
2019-02-11,313.27,310.64,313.9
2019-02-12,310.95,309.28,313.15
2019-02-13,307.26,303.67,308.01
2019-02-14,304.74,302.05,305.67
2019-02-15,309.56,305.25,315.1
2019-02-19,310.19,307.24,312.92
2019-02-20,306.21,305.63,306.39
2019-02-21,301.32,297.82,301.66
2019-02-22,306.5,304.11,308.5
2019-02-25,300.39,299.51,301.01
2019-02-26,292.15,291.14,293.6
2019-02-27,294.77,294.5,295.04
2019-02-28,297.01,296.15,298.14
2019-03-01,296.95,292.99,298.54
2019-03-04,297.6,295.89,299.12
2019-03-05,310.95,307,314.88
2019-03-06,309.61,305.23,311.08
2019-03-07,312.5,310.48,314.5
2019-03-08,312.78,310.55,315.5
2019-03-11,306.15,304.97,306.66
2019-03-12,309,308.02,309.9
2019-03-13,315.12,311.53,317.82
2019-03-14,314.97,313.15,317.45
2019-03-15,320.47,317.34,321.8
2019-03-18,321.27,317.37,324.34
2019-03-19,319.39,315.47,322.56
2019-03-20,318.77,318.62,318.8
2019-03-21,315,310.45,318
2019-03-22,320.99,320.15,321.88
2019-03-25,322.57,321.97,322.82
2019-03-26,318.48,314.74,319.99
2019-03-27,332.16,330.29,332.79
2019-03-28,331.89,329.14,332.76
2019-03-29,340.34,335.95,346.71
2019-04-01,347.47,346.51,348.3
2019-04-02,346.2,345.14,347.44
2019-04-03,350.27,346.05,351.77
2019-04-04,360.56,358.09,360.77
2019-04-05,355.52,351.61,357.01
2019-04-08,348.48,347.46,348.91
2019-04-09,348.29,345.64,351.97
2019-04-10,355.3,354.56,355.49
2019-04-11,364.06,360.32,369.36
2019-04-12,348.31,344.74,349.64
2019-04-15,347.34,346.71,347.53
2019-04-16,347.96,345.86,349.3
2019-04-17,349.52,347.44,349.57
2019-04-18,353.61,350.33,354.03
2019-04-22,356.29,355.04,358.05
2019-04-23,350.51,345.95,354.4
2019-04-24,337.16,334.5,340.06
2019-04-25,337.33,333.5,339.73
2019-04-26,338.7,335.64,340.42
2019-04-29,342.76,338.13,349.14
2019-04-30,336.85,335.51,337.59
2019-05-01,337.06,333.84,339.31
2019-05-02,346.36,344.15,346.48
2019-05-03,360.92,360.5,361.22
2019-05-06,354.87,351.13,359.71
2019-05-07,363.82,358.78,365.78
2019-05-08,368.49,364.64,369.88
2019-05-09,362.51,362.07,362.84
2019-05-10,366.64,362.01,373.15
2019-05-13,375.54,375.49,375.58
2019-05-14,375.35,372.28,377.28
2019-05-15,377.16,371.8,379.77
2019-05-16,375.67,373.54,377.22
2019-05-17,375.78,375.33,376.17
2019-05-20,375.75,371.47,376.63
2019-05-21,373.98,373.84,374.15
2019-05-22,364.78,361.64,369.36
2019-05-23,364.08,360.74,364.37
2019-05-24,365.04,361.18,365.16
2019-05-28,376.41,371.87,378.66
2019-05-29,382.47,379.73,386.06
2019-05-30,378.81,374.16,381.99
2019-05-31,385.57,380.91,390.5
2019-06-03,383.37,382.55,384.23
2019-06-04,382.45,381.82,382.94
2019-06-05,380.56,377.15,381.35
2019-06-06,368.37,366.96,369.98
2019-06-07,367.28,364.66,368.27
2019-06-10,369.61,364.99,370.3
2019-06-11,367.32,363.48,372.83
2019-06-12,369.56,364.53,375.27
2019-06-13,366.96,365.62,367.99
2019-06-14,369.87,367.64,370.72
2019-06-17,372.89,371.71,372.96
2019-06-18,374.48,369.36,378.38
2019-06-19,372.81,368.12,374.77
2019-06-20,375.88,374.59,377.06
2019-06-21,374.4,371.29,375.03
2019-06-24,372.61,371.87,373.46
2019-06-25,365.95,361.26,367.53
2019-06-26,363.29,360.79,364.23
2019-06-27,369.1,367.49,369.11
2019-06-28,368.9,367.34,369.67
2019-07-01,373.69,369.47,376.73
2019-07-02,371.78,370.6,372.52
2019-07-03,372.28,367.45,373.13
2019-07-05,372.83,371.36,373.2
2019-07-08,385.27,385.15,385.33
2019-07-09,387.7,383.31,390.79
2019-07-10,396.95,391.63,400.81
2019-07-11,395.82,390.05,398.06
2019-07-12,399.71,399.55,399.94
2019-07-15,404.54,400.36,404.68
2019-07-16,403.81,398.84,407.5
2019-07-17,399.94,396.52,402.12
2019-07-18,397.86,392.12,402.8
2019-07-19,398.07,396.45,399.92
2019-07-22,396.55,396.33,396.56
2019-07-23,394.08,391.89,395.16
2019-07-24,392.55,392.06,393.02
2019-07-25,402.75,398.75,404.77
2019-07-26,398.55,396.43,400.33
2019-07-29,397.02,395.88,397.42
2019-07-30,395.49,394.28,395.98
2019-07-31,399.48,397.31,400.4
2019-08-01,401.43,395.66,407.34
2019-08-02,395.08,390.28,400.99
2019-08-05,389.39,388.94,389.96
2019-08-06,384.57,383.59,385.56
2019-08-07,378.24,375.51,381.69
2019-08-08,379.31,376.57,381.07
2019-08-09,381.01,380.52,381.7
2019-08-12,377.84,374.98,379.31
2019-08-13,376.76,371.65,380.19
2019-08-14,372.99,370.98,375.9
2019-08-15,370.48,369.64,371.69
2019-08-16,366.15,363.69,368.13
2019-08-19,366.75,362.18,372.4
2019-08-20,406.05,405.26,406.85
2019-08-21,426.28,421.75,427.43
2019-08-22,444.72,440.58,450.83
2019-08-23,441.14,435.13,444.81
2019-08-26,437.72,436.76,438.06
2019-08-27,409.84,407.62,410.44
2019-08-28,443.9,439.07,449.59
2019-08-29,464.13,463.81,464.29
2019-08-30,476.82,471.21,482.9
2019-09-03,475.4,471.42,477.61
2019-09-04,470.58,468.06,473.4
2019-09-05,469.24,463.76,475.03
2019-09-06,471.57,469.28,472.77
2019-09-09,476.39,473.69,479.26
2019-09-10,478.3,476.71,479.17
2019-09-11,496.88,489.89,505.63
2019-09-12,503.81,500.69,506.54
2019-09-13,493.23,487.32,498.08
2019-09-16,499.32,494.24,500.71
2019-09-17,485.64,482.38,488.08
2019-09-18,477.28,471.2,483.75
2019-09-19,479.03,475.82,481.75
2019-09-20,488.48,482.76,493
2019-09-23,487.06,483.5,491.96
2019-09-24,489.41,484.96,492.55
2019-09-25,482.29,478.23,485.94
2019-09-26,509.19,505.75,512.07
2019-09-27,510.04,509.27,510.2
2019-09-30,508.62,504.83,513.83
2019-10-01,509.64,507.31,510.35
2019-10-02,536.86,533.14,539.48
2019-10-03,547.22,542.27,554.5
2019-10-04,545.82,545.79,545.82
2019-10-07,552.83,548.35,556.32
2019-10-08,558.17,554.56,560.51
2019-10-09,548.44,544.7,550.03
2019-10-10,562.96,559.85,566.91
2019-10-11,562.57,557.61,566.55
2019-10-14,546.68,542.42,551.52
2019-10-15,544.68,541.53,548.62
2019-10-16,533.4,532.25,534.98
2019-10-17,553.44,553.42,553.44
2019-10-18,546.96,540.62,551.14
2019-10-21,551.39,545.18,559.63
2019-10-22,525.03,519.36,530.44
2019-10-23,527.5,527.4,527.62
2019-10-24,517.87,516.84,519.33
2019-10-25,524.16,522.09,524.46
2019-10-28,529.26,527.15,532.16
2019-10-29,522.64,516.36,523.33
2019-10-30,519.8,513.24,522.1
2019-10-31,536.98,536.72,537.23
2019-11-01,532.51,527.96,533.35
2019-11-04,520.35,516.05,521.78
2019-11-05,512.07,507.18,517.05
2019-11-06,520.63,512.91,528.26
2019-11-07,513.29,506.04,516.94
2019-11-08,515.8,514.91,516.48
2019-11-11,546.9,542.17,550.98
2019-11-12,577.68,575.74,579.15
2019-11-13,576.77,571.93,580.39
2019-11-14,559.55,551.76,569.71
2019-11-15,554.8,553.82,555.71
2019-11-18,546.67,544.51,548.87
2019-11-19,547.38,545.23,549.54
2019-11-20,543.58,541.54,545
2019-11-21,546.82,546.73,546.94
2019-11-22,542.41,541.34,543.43
2019-11-25,550.61,546.9,553.91
2019-11-26,560.91,556.44,567.53
2019-11-27,562.59,555.01,568.66
2019-11-29,567.16,565.91,567.89
2019-12-02,552.62,547.53,554.73
2019-12-03,552.64,548.07,553.42
2019-12-04,532.41,527.18,538.69
2019-12-05,532.34,527.34,538.5
2019-12-06,532.61,525.34,537.87
2019-12-09,526.76,523.79,530.07
2019-12-10,545.06,537.13,549.43
2019-12-11,546.13,538.22,553.45
2019-12-12,549.57,542.64,554.05
2019-12-13,536.01,531.48,540.12
2019-12-16,550.49,547,553.77
2019-12-17,552.97,545.25,553.04
2019-12-18,558.08,555.08,560.58
2019-12-19,564.95,564.13,565.89
2019-12-20,567.88,564.76,569.79
2019-12-23,564.66,560.97,567
2019-12-24,564.34,562.86,566.45
2019-12-26,559.17,553.68,565.78
2019-12-27,576.81,569.67,581.26
2019-12-30,574.99,567.02,575.32
2019-12-31,573.17,570.69,576.61
2020-01-02,578.06,570.82,580.33
2020-01-03,581.71,574.71,590.69
2020-01-06,585.8,581.73,590.42
2020-01-07,580.54,572.79,582.14
2020-01-08,575.19,574.44,576.12
2020-01-09,585.56,585.46,585.67
2020-01-10,581.36,576.35,584.23
2020-01-13,603.15,596.12,604.81
2020-01-14,607.68,598.91,611.71
2020-01-15,636.97,632.33,639.44
2020-01-16,584.25,582.97,584.4
2020-01-17,579.45,577.16,582.78
2020-01-21,527.18,526.36,528.28
2020-01-22,536.11,531.01,538.33
2020-01-23,492.13,491.26,492.16
2020-01-24,488.37,484.98,491.34
2020-01-27,516.52,513.72,517.99
2020-01-28,486.44,482.69,489.75
2020-01-29,511.69,505.27,516.44
2020-01-30,477.16,475.28,477.63
2020-01-31,477.14,473.56,479.05
2020-02-03,446.77,441.39,453.11
2020-02-04,454.41,453.88,454.63
2020-02-05,423.17,419.89,423.19
2020-02-06,444.03,439.07,446
2020-02-07,477.24,475.87,478.99
2020-02-10,512.48,506.82,519.16
2020-02-11,511.83,511.29,512.27
2020-02-12,500.01,494.95,506.24
2020-02-13,523.66,517.06,527.1
2020-02-14,475.65,471.04,475.94
2020-02-18,483.53,479.34,483.97
2020-02-19,485.01,484.17,485.43
2020-02-20,491.31,489.09,493.22
2020-02-21,487.18,483.92,491.43
2020-02-24,472.24,466.6,478.37
2020-02-25,438.94,437.98,439.28
2020-02-26,449.66,445.51,453.37
2020-02-27,474.54,472.68,476.75
2020-02-28,434.26,429.8,438.65
2020-03-02,441.94,437.78,444.96
2020-03-03,483.51,479.47,485.34
2020-03-04,481.82,481.07,482.91
2020-03-05,479.99,474.85,480.51
2020-03-06,501.96,499.21,504.75
2020-03-09,500.61,494.58,505.51
2020-03-10,475.82,470.03,482.39
2020-03-11,467.53,464.36,468.13
2020-03-12,459.56,455.39,464.88
2020-03-13,465.51,461.95,467.7
2020-03-16,477.63,471.36,483.02
2020-03-17,475.15,470.9,476.76
2020-03-18,501.66,500.51,501.96
2020-03-19,514.68,511.29,515.48
2020-03-20,481.24,474.03,491.61
2020-03-23,478.88,476.34,478.99
2020-03-24,487.28,480.57,494.45
2020-03-25,487.53,485.37,490.25
2020-03-26,487.79,487.13,488.69
2020-03-27,475.31,470.98,478.36
2020-03-30,464.89,458.6,468.57
2020-03-31,465.13,463.35,467.15
2020-04-01,471.23,464.26,478.3
2020-04-02,463.89,460.56,464.71
2020-04-03,454.81,448.75,460.71
2020-04-06,453.56,449.2,456.48
2020-04-07,442.66,441.35,444.34
2020-04-08,451.6,445.39,459.93
2020-04-09,447.65,447.1,447.87
2020-04-13,438.47,434.87,439.57
2020-04-14,437.99,432.7,440.63
2020-04-15,437.52,434.37,440.35
2020-04-16,428.67,425.27,430.27
2020-04-17,430.99,428.15,432.93
2020-04-20,440.65,434.86,443.32
2020-04-21,454.52,450.67,459.05
2020-04-22,472.6,467.42,473.79
2020-04-23,471.09,465.46,477.15
2020-04-24,464.33,457.95,466.54
2020-04-27,470.88,465.94,477.15
2020-04-28,469.72,463.99,470.21
2020-04-29,473.82,473.07,474.52
2020-04-30,467.05,466.67,467.17
2020-05-01,458.51,452.14,463.29
2020-05-04,476.31,470.8,483.11
2020-05-05,464.96,464.34,465.7
2020-05-06,458.17,455.47,461.13
2020-05-07,493.59,491.32,495.92
2020-05-08,551.23,548.77,553.1
2020-05-11,537.43,529.68,546.68
2020-05-12,539.82,533.46,541.44
2020-05-13,540.1,537.2,541.31
2020-05-14,541.09,535.07,543.52
2020-05-15,538.19,530.41,546.94
2020-05-18,531.05,529.26,533.66
2020-05-19,545.81,544.69,545.87
2020-05-20,554.23,549.82,554.37
2020-05-21,555.57,552.44,558.09
2020-05-22,543.48,535.62,549.5
2020-05-26,534.91,531.23,536.71
2020-05-27,540.5,533.29,544.64
2020-05-28,538.65,537.94,538.91
2020-05-29,541.06,540.21,542.32
2020-06-01,542.75,537.47,548.38
2020-06-02,542.68,542.41,542.93
2020-06-03,547.22,543.68,550.88
2020-06-04,551.28,549.58,553.47
2020-06-05,551.64,546.03,560.01
2020-06-08,541.55,539.8,543.47
2020-06-09,537.38,532.6,541.48
2020-06-10,550.57,549.8,551.58
2020-06-11,544.47,541.48,548.89
2020-06-12,555.97,554.44,557.07
2020-06-15,556.85,556.47,557.25
2020-06-16,556.47,556.21,556.77
2020-06-17,554.67,549.36,561.32
2020-06-18,557.57,556.49,559.05
2020-06-19,548.69,546.83,551.05
2020-06-22,540.78,538.84,542.44
2020-06-23,538.37,535.27,539.76
2020-06-24,540.37,534.98,541
2020-06-25,541.69,537.74,543.9
2020-06-26,536.89,533.41,537.08
2020-06-29,548.08,544.91,549.15
2020-06-30,556.81,551.9,561.24
2020-07-01,558.15,556.85,558.57
2020-07-02,550.35,542.99,560.3
2020-07-06,555.66,553.83,555.74
2020-07-07,547.93,540.03,558.44
2020-07-08,547.24,545.22,548.28
2020-07-09,548.57,542.31,554.31
2020-07-10,556.28,548.95,556.54
2020-07-13,551.46,544.5,554.51
2020-07-14,551.52,548.09,553.53
2020-07-15,549.78,546.03,553.51
2020-07-16,544.5,539.5,549.75
2020-07-17,550.2,542.04,560.41
2020-07-20,555.3,554.77,555.97
2020-07-21,563.42,555.61,571.43
2020-07-22,557.91,553.83,561.24
2020-07-23,547.95,540.6,558.97
2020-07-24,566.63,563.69,567.32
2020-07-27,563.23,560.37,563.91
2020-07-28,563.82,562.3,565.38
2020-07-29,568.42,561.43,573.01
2020-07-30,569.47,565.91,571.48
2020-07-31,569.08,560.92,576.26
2020-08-03,569.3,563.16,574.91
2020-08-04,569.14,566.76,569.21
2020-08-05,580.04,572.53,587.04
2020-08-06,582.08,581.66,582.71
2020-08-07,578.97,570.77,582.54
2020-08-10,568.35,566.83,568.87
2020-08-11,570.01,563.84,573.69
2020-08-12,572.05,569.54,572.3
2020-08-13,564.07,557.8,571.39
2020-08-14,571.43,571.32,571.55
2020-08-17,583.28,574.81,594.68
2020-08-18,583.89,577.92,585.9
2020-08-19,586.63,578.4,587.75
2020-08-20,587.39,581.69,594.32
2020-08-21,583.35,578,586.06
2020-08-24,592.34,591.84,593.05
2020-08-25,591.27,583.16,599.38
2020-08-26,597,588.47,600.47
2020-08-27,598.53,592.53,603.33
2020-08-28,601.51,596.84,606.21
2020-08-31,606.1,605.87,606.28
2020-09-01,591.27,588.35,591.55
2020-09-02,581.25,576.91,581.48
2020-09-03,570.83,565.73,572.65
2020-09-04,580.93,573.65,591.55
2020-09-08,585.83,582.68,588.45
2020-09-09,588.05,580.12,589.66
2020-09-10,577.16,573.85,580.96
2020-09-11,576.23,573.82,576.38
2020-09-14,571.53,567,573.61
2020-09-15,577.36,572.09,579.81
2020-09-16,570.74,567.19,572.96
2020-09-17,575.27,569.04,583.28
2020-09-18,574.41,571.64,575.08
2020-09-21,572.55,571.95,573.05
2020-09-22,564.29,560.86,565.68
2020-09-23,565.97,563.22,565.98
2020-09-24,572.67,565.71,583.05
2020-09-25,573.89,565.79,581.08
2020-09-28,569.32,567.94,570.16
2020-09-29,559.65,555.64,563.19
2020-09-30,559.33,555.18,561.55
2020-10-01,556.44,554.04,557.36
2020-10-02,555.26,554.54,555.28
2020-10-05,570.57,568.82,570.73
2020-10-06,573.42,570.46,575.23
2020-10-07,576.35,575.2,577.51
2020-10-08,576.95,571.01,577.26
2020-10-09,572.44,568.64,576.44
2020-10-12,575.61,571.07,579.98
2020-10-13,579.48,574.64,583.84
2020-10-14,573.41,569.44,577.55
2020-10-15,583.5,578.81,584.72
2020-10-16,584.04,575.63,589.94
2020-10-19,573.37,571.04,576.62
2020-10-20,572.11,567.97,576.03
2020-10-21,584.55,578.87,585.29
2020-10-22,580.34,575.32,584.37
2020-10-23,589.76,586.68,591.14
2020-10-26,583.28,582.92,583.38
2020-10-27,603.55,599.24,609.12
2020-10-28,604.73,602.82,606.3
2020-10-29,608.53,605.82,609.11
2020-10-30,593.52,593.18,593.71
2020-11-02,609.55,607.23,610.26
2020-11-03,612.3,605.14,620.16
2020-11-04,617.96,616.38,620.09
2020-11-05,625.57,617.34,631.74
2020-11-06,628.81,626.29,629.61
2020-11-09,625.25,622.68,628.63
2020-11-10,624.89,616.06,626.88
2020-11-11,619.17,614.78,625.61
2020-11-12,638.7,633.61,642.68
2020-11-13,636.68,635.92,637.81
2020-11-16,634.67,629.42,635.15
2020-11-17,640.08,634.45,642.13
2020-11-18,644.12,641.84,647
2020-11-19,648.66,646.56,649.88
2020-11-20,642.83,642.12,643
2020-11-23,636.9,632.18,637.56
2020-11-24,648.39,647.02,650.02
2020-11-25,656.27,654.71,657.38
2020-11-27,662,652.28,664.24
2020-11-30,667.05,664.81,669.51
2020-12-01,670.33,666.21,673.17
2020-12-02,676.37,674.43,677.88
2020-12-03,687.23,682.99,692.03
2020-12-04,688.08,678.04,698.28
2020-12-07,691.19,690.94,691.52
2020-12-08,690.76,683.56,697.51
2020-12-09,693.08,687.26,694.91
2020-12-10,681.63,679.56,683.67
2020-12-11,685.92,680.08,686.39
2020-12-14,718.5,708.12,732.62
2020-12-15,714.73,704.26,717.36
2020-12-16,722.3,713.79,728.76
2020-12-17,731.36,722.29,744.42
2020-12-18,736.18,730.95,741.27
2020-12-21,761.17,755.66,768.73
2020-12-22,768.67,759.9,770.27
2020-12-23,774.98,768.83,779.39
2020-12-24,775.88,773.21,776.05
2020-12-28,771.77,761.83,784.54
2020-12-29,780.1,777.55,783.68
2020-12-30,781.1,772.46,782.76
2020-12-31,781.01,774.96,787.58
2021-01-04,785.93,785.66,786.33
2021-01-05,779.3,768.84,794.69
2021-01-06,771.15,759.86,776.17
2021-01-07,780.71,780.44,780.96
2021-01-08,787.16,781.82,794.01
2021-01-11,784.84,775.2,784.86
2021-01-12,777.18,771.44,777.79
2021-01-13,760.13,757.51,762.95
2021-01-14,739.73,735.14,740.39
2021-01-15,738.8,729.25,745.02
2021-01-19,704.33,697.25,706.59
2021-01-20,721.17,711.85,727.94
2021-01-21,721.04,712.48,727.39
2021-01-22,717.36,711.93,722.47
2021-01-25,749.63,747.57,752.5
2021-01-26,744.24,742.65,744.27
2021-01-27,768.65,759.24,777.17
2021-01-28,780.81,775.4,788.74
2021-01-29,771.07,762.79,774.42
2021-02-01,764.36,762.65,765.27
2021-02-02,761.71,761.21,762.13
2021-02-03,777.75,777.08,777.92
2021-02-04,772.97,767.18,778.65
2021-02-05,756.99,749.82,759.92
2021-02-08,770.72,768.96,771.14
2021-02-09,770.81,764.2,775.39
2021-02-10,739.73,728.66,745.15
2021-02-11,752.75,745.12,762.68
2021-02-12,758.24,754.12,760.77
2021-02-16,745.98,741.12,750.98
2021-02-17,748.1,745.12,749.24
2021-02-18,761.36,751.29,764.42
2021-02-19,755.72,750.06,758.26
2021-02-22,757.03,753.01,762.08
2021-02-23,787.91,780.41,798.11
2021-02-24,784.63,774.86,799.27
2021-02-25,779.1,772.9,782.34
2021-02-26,779.09,769.23,780.76
2021-03-01,797.95,787.84,807.75
2021-03-02,799.39,789.43,807.48
2021-03-03,779.17,778.02,780.21
2021-03-04,742.31,740.91,743.02
2021-03-05,760.26,758.02,761.59
2021-03-08,757.26,753.68,760.41
2021-03-09,750.76,744.14,758.97
2021-03-10,724.09,722.83,725.82
2021-03-11,700.48,692.2,705.83
2021-03-12,697.75,688.29,703.3
2021-03-15,697.29,696.07,697.67
2021-03-16,713.73,703.91,715.58
2021-03-17,695.22,686.7,701.25
2021-03-18,689.49,683.17,689.68
2021-03-19,684.89,675.97,692.49
2021-03-22,701.39,697.24,703.28
2021-03-23,748.07,743.17,752.06
2021-03-24,773.87,766.56,775.4
2021-03-25,776.92,771.49,778.9
2021-03-26,740.75,733.18,749.64
2021-03-29,759.16,758.27,760.11
2021-03-30,797.77,790.04,800.4
2021-03-31,839.33,833.17,846.85
2021-04-01,853.58,853.15,853.77
2021-04-05,937.73,930.47,943.42
2021-04-06,944.33,935.53,953.48
2021-04-07,907.04,903.82,907.76
2021-04-08,882.23,871.21,890.21
2021-04-09,824.63,818.42,826.11
2021-04-12,834.12,825.33,842.52
2021-04-13,814.82,808.05,820.69
2021-04-14,841.38,836.38,842.95
2021-04-15,843.42,840.71,845.55
2021-04-16,828.37,828.05,828.51
2021-04-19,830.13,828.35,831.25
2021-04-20,819.07,818.06,819.92
2021-04-21,852.12,849.33,852.42
2021-04-22,811.63,800.9,814.99
2021-04-23,822.48,819.02,826.94
2021-04-26,803.36,797.31,804.83
2021-04-27,826.28,820.59,826.84
2021-04-28,821.89,818.86,824.76
2021-04-29,807.29,798.96,809.5
2021-04-30,866.48,853.51,869.77
2021-05-03,845.45,833.17,854.7
2021-05-04,888.87,884.41,889.61
2021-05-05,867.56,858.22,878.77
2021-05-06,839.23,834.47,845.56
2021-05-07,827.83,820.61,827.98
2021-05-10,847.37,841.04,851.02
2021-05-11,863.7,862.15,863.99
2021-05-12,854.45,850.21,857.69
2021-05-13,876.73,873.2,877.9
2021-05-14,880.42,870.55,889.71
2021-05-17,868.46,856.62,883.07
2021-05-18,862.97,862.84,863.14
2021-05-19,860.44,849.88,862.38
2021-05-20,860.89,852.05,867.09
2021-05-21,850.24,842.96,858.02
2021-05-24,843.92,839.98,848.16
2021-05-25,817.55,808.72,819.52
2021-05-26,825.83,821.64,828.39
2021-05-27,795.9,795.74,796.02
2021-05-28,732.04,724.14,737.28
2021-06-01,715.87,715.13,716.08
2021-06-02,739.86,739.29,740.36
2021-06-03,754.09,751.29,757.03
2021-06-04,724.86,715.64,734.99
2021-06-07,708.38,704.02,712.96
2021-06-08,687.26,681.5,694.35
2021-06-09,702.04,701.18,702.14
2021-06-10,734.26,730.64,736.77
2021-06-11,717.75,713.14,719.17
2021-06-14,698.22,695.37,702.22
2021-06-15,689.58,688.63,689.71
2021-06-16,686.66,679.69,687.05
2021-06-17,676.92,671.19,677.42
2021-06-18,697.76,695.12,698.94
2021-06-21,673.79,668.58,679.49
2021-06-22,663.75,657.68,664.73
2021-06-23,679.96,673.51,680.56
2021-06-24,686.06,676.18,689.03
2021-06-25,696.28,689.83,700.58
2021-06-28,694.72,686.33,701.4
2021-06-29,713.17,712.45,713.69
2021-06-30,673.22,667.71,676.66
2021-07-01,676.31,670.55,681.43
2021-07-02,654.7,654.17,655.36
2021-07-06,667.95,667.52,668.49
2021-07-07,703.2,695.26,714.65
2021-07-08,694.77,692.63,695.87
2021-07-09,685.22,683.84,686.25
2021-07-12,693.28,693.13,693.3
2021-07-13,692.81,684.36,704.19
2021-07-14,671.4,668.01,674.15
2021-07-15,686.91,682.25,691.11
2021-07-16,666.03,661.46,666.82
2021-07-19,670.79,669.23,670.8
2021-07-20,668.1,660.91,669.29
2021-07-21,638.88,630.55,646.28
2021-07-22,598.57,593.36,600.26
2021-07-23,597.77,597.75,597.79
2021-07-26,600.57,595.73,602.67
2021-07-27,632.73,623.82,639.97
2021-07-28,635.27,631.81,640.19
2021-07-29,661.1,653.97,663.61
2021-07-30,646.74,637.8,659.24
2021-08-02,658.45,652.81,661.4
2021-08-03,660.18,654.62,661.36
2021-08-04,660.8,658.26,661.02
2021-08-05,668.37,664.83,671.92
2021-08-06,689.01,685.26,693.1
2021-08-09,671.56,663.25,681.45
2021-08-10,678.03,668.58,679.05
2021-08-11,665.85,665.53,665.89
2021-08-12,684.88,683.08,686.32
2021-08-13,668.82,658.96,678.6
2021-08-16,685.82,684.74,686.8
2021-08-17,697.74,691.81,699.84
2021-08-18,684.91,678.34,692.94
2021-08-19,752.01,746.85,759.02
2021-08-20,744.37,740.33,747.99
2021-08-23,748.45,742.72,755.71
2021-08-24,782.86,782.32,783.64
2021-08-25,808.42,799.96,809.17
2021-08-26,813.58,804.52,820.66
2021-08-27,844.53,833.44,847.01
2021-08-30,846.03,844.57,847.59
2021-08-31,876.37,863.58,882.5
2021-09-01,833.63,821.54,836.45
2021-09-02,856.92,847.04,860.17
2021-09-03,822.57,820.28,825.03
2021-09-07,790.14,778.78,791.5
2021-09-08,789.08,785.17,791.44
2021-09-09,810.79,801.73,822.36
2021-09-10,817.13,810.13,817.91
2021-09-13,830.44,818.27,843.99
2021-09-14,814.3,812.53,815.55
2021-09-15,796.01,785.13,796.8
2021-09-16,738.91,730.38,742.17
2021-09-17,735.25,732.06,739.94
2021-09-20,735.01,726.75,744.24
2021-09-21,758.26,749.55,767.49
2021-09-22,768.08,761.97,773.33
2021-09-23,760.12,750.71,762.02
2021-09-24,755.15,744.96,765.39
2021-09-27,760.69,751.05,773.56
2021-09-28,740.16,735.51,742.91
2021-09-29,770.59,763.32,771.21
2021-09-30,773.76,769.09,775.61
2021-10-01,765.51,754.48,776.77
2021-10-04,750.01,747.96,750.65
2021-10-05,725.57,723.9,726.91
2021-10-06,712.14,705.93,715.61
2021-10-07,739.59,730.94,746.19
2021-10-08,734.97,731.89,738.22
2021-10-11,712.65,710.76,714.88
2021-10-12,696.21,694.27,696.56
2021-10-13,715.69,706.21,723.36
2021-10-14,722.54,720.2,723.93
2021-10-15,731.32,728.22,732.39
2021-10-18,728.84,719.14,735.68
2021-10-19,716.28,714.96,716.65
2021-10-20,795.36,790.96,797.08
2021-10-21,776.43,772.35,780.04
2021-10-22,739.32,728.87,753.37
2021-10-25,746.08,735.64,749.46
2021-10-26,748.4,738.3,756.68
2021-10-27,730.37,725.78,733.82
2021-10-28,711.94,703.72,714.66
2021-10-29,705.5,700.73,712.27
2021-11-01,642.88,642.66,643.17
2021-11-02,649.4,641.65,649.73
2021-11-03,678.07,668.86,689.28
2021-11-04,677.87,669.98,686.4
2021-11-05,674.98,669.34,681.91
2021-11-08,681.06,672.95,692.12
2021-11-09,673.93,665.83,681.74
2021-11-10,658.63,648.82,672.69
2021-11-11,644.51,636.06,656.26
2021-11-12,640.91,634.38,648.02
2021-11-15,638.09,637.06,638.36
2021-11-16,611.54,608.74,613.63
2021-11-17,594.48,589.64,598.28
2021-11-18,595.23,589.02,602.05
2021-11-19,558.02,555.96,559.29
2021-11-22,605.49,597.21,605.96
2021-11-23,592.95,585.87,599.35
2021-11-24,616.81,609.15,625.43
2021-11-26,614.84,607.93,614.84
2021-11-29,627.35,619.3,629.74
2021-11-30,626.91,621.66,630.93
2021-12-01,606.23,598.74,609.66
2021-12-02,636.45,636.03,636.62
2021-12-03,635.31,627.58,643.62
2021-12-06,637.28,629.19,641.63
2021-12-07,638.85,631.42,639.64
2021-12-08,641.97,635.49,646.65
2021-12-09,660.62,650.79,671.51
2021-12-10,656.57,656.56,656.57
2021-12-13,565.63,562.19,565.83
2021-12-14,555.07,546.99,560.5
2021-12-15,538.06,531.5,541.92
2021-12-16,527.22,520.63,532.23
2021-12-17,504.3,497.71,507.81
2021-12-20,468.99,466.75,469.94
2021-12-21,448.84,442.91,452.87
2021-12-22,471,465.75,478.78
2021-12-23,460.63,455.24,462.43
2021-12-27,452.53,450.49,453.97
2021-12-28,464.51,462.45,467.3
2021-12-29,466.21,459.59,473.33
2021-12-30,496.98,495.52,498.33
2021-12-31,488.6,484.23,489.1
2022-01-03,474.7,467.96,479.16
2022-01-04,481.91,478.36,482.73
2022-01-05,512,508.22,516.91
2022-01-06,510.38,503.51,515.2
2022-01-07,540.43,538.46,541.48
2022-01-10,536.06,532.44,539.25
2022-01-11,556.33,548.29,560.24
2022-01-12,571.88,570.9,572.02
2022-01-13,579.16,575.13,582
2022-01-14,567.9,562.89,569.45
2022-01-18,550.4,549.4,551.73
2022-01-19,563.64,563.29,563.9
2022-01-20,541.81,534.38,546.47
2022-01-21,529.63,522.47,538.54
2022-01-24,520.73,519.41,521.49
2022-01-25,533.47,532.93,534.04
2022-01-26,533.05,531.22,533.6
2022-01-27,537.66,530.45,541.98
2022-01-28,561.35,557.67,563.9
2022-01-31,559.91,559.2,560.78
2022-02-01,568.1,565.34,568.19
2022-02-02,573.17,566.43,581.28
2022-02-03,572.94,572.03,573.85
2022-02-04,556.29,554.44,558.04
2022-02-07,569.19,567.51,570.3
2022-02-08,581.67,581.04,581.89
2022-02-09,591.98,584.19,592.6
2022-02-10,595.77,594.39,597
2022-02-11,578.56,575.31,579.87
2022-02-14,549.73,542.54,554.44
2022-02-15,543.82,541.41,544.43
2022-02-16,529.35,521.47,540.18
2022-02-17,558.49,552.38,558.66
2022-02-18,558.69,555.72,558.93
2022-02-22,563.15,554.73,573.27
2022-02-23,569.49,567.5,570.93
2022-02-24,573.7,567.12,574.1
2022-02-25,581.75,573.93,582.77
2022-02-28,574.03,572.34,576.18
2022-03-01,601.96,597.06,606.36
2022-03-02,603.25,595.56,610.04
2022-03-03,611.59,609.41,613.31
2022-03-04,610.04,605.21,616.93
2022-03-07,607.58,604.27,610.62
2022-03-08,623,622.26,623.02
2022-03-09,617.15,611.41,619.88
2022-03-10,602.89,600.45,605.85
2022-03-11,597.65,592.52,605.08
2022-03-14,617.39,612.88,620.21
2022-03-15,631.96,631.03,633.25
2022-03-16,645.02,639.72,650.43
2022-03-17,647.95,646.35,648.4
2022-03-18,651.34,649.06,653.44
2022-03-21,648.62,646.05,652.36
2022-03-22,655.6,655.08,655.9
2022-03-23,642.01,639.55,642.15
2022-03-24,642.34,633.99,650.98
2022-03-25,641.24,635.55,642.9
2022-03-28,638.51,634.03,645.01
2022-03-29,612.72,609.09,614.9
2022-03-30,622.05,614.26,629.97
2022-03-31,640.4,634.74,647.33
2022-04-01,638.03,634.78,638.38
2022-04-04,621.93,614.79,631.58
2022-04-05,611.69,604.73,620.59
2022-04-06,612.28,606.25,618.26
2022-04-07,611.24,602.92,622.58
2022-04-08,610.74,608.73,613.34
2022-04-11,609.16,603.65,612.52
2022-04-12,616.8,616.14,617.57
2022-04-13,617.49,615.36,619.88
2022-04-14,606.93,603.68,611.68
2022-04-18,574.33,572.77,575.79
2022-04-19,572.27,565.07,580.95
2022-04-20,592.08,585.02,598.37
2022-04-21,586.58,579.78,587.26
2022-04-22,572.61,566.04,573.49
2022-04-25,590.55,586.82,591.19
2022-04-26,591.67,587.2,595.86
2022-04-27,596.34,587.98,599.89
2022-04-28,607.12,604.98,609.22
2022-04-29,615,607.5,616.65
2022-05-02,609.12,606.09,613.37
2022-05-03,591.65,589.27,593.09
2022-05-04,576.27,572.61,580.08
2022-05-05,569.99,567.48,572.5
2022-05-06,562.25,562.02,562.35
2022-05-09,554.04,553.69,554.33
2022-05-10,542.08,535.58,546.3
2022-05-11,535.86,529.77,537.19
2022-05-12,546.39,544.73,547.47
2022-05-13,547.32,540.91,554.14
2022-05-16,522.86,517.93,529.11
2022-05-17,514.52,512.53,515.16
2022-05-18,514.14,512.8,515.6
2022-05-19,495.78,490.84,499.19
2022-05-20,514.76,509.58,520.28
2022-05-23,505.85,502.82,505.87
2022-05-24,490.3,489.82,490.93
2022-05-25,484.82,478.17,485.64
2022-05-26,503.23,502.94,503.65
2022-05-27,511.02,509.18,511.74
2022-05-31,505.04,499.05,506.7
2022-06-01,486.55,483.84,488.71
2022-06-02,490.47,489.68,491.41
2022-06-03,489.43,487.46,490.09
2022-06-06,500.69,499.32,501.8
2022-06-07,516.93,513.33,518.63
2022-06-08,534.49,531.92,536.25
2022-06-09,550.12,543.85,550.36
2022-06-10,545.86,543.78,546.91
2022-06-13,543.11,538.02,550.7
2022-06-14,544.47,538.73,547.18
2022-06-15,537.17,536.88,537.58
2022-06-16,527.48,523.13,530.4
2022-06-17,517.77,512.34,520.17
2022-06-21,520.43,519.48,521.59
2022-06-22,528.73,524.56,531.97
2022-06-23,536.82,535.07,539.22
2022-06-24,535.8,532.78,536.38
2022-06-27,540.86,538.39,542.93
2022-06-28,532,528.84,535.71
2022-06-29,532.71,529.4,536.26
2022-06-30,532.55,530.86,534.64
2022-07-01,533.7,528.76,537.28
2022-07-05,537.03,536.68,537.1
2022-07-06,536,534.47,536
2022-07-07,533.22,531.68,535.28
2022-07-08,526.51,524.93,527.03
2022-07-11,533.33,528.72,539.91
2022-07-12,536.45,533.69,540
2022-07-13,529.51,525.29,532.18
